-- phpMyAdmin SQL Dump
-- version 5.0.2
-- https://www.phpmyadmin.net/
--
-- Host: localhost:3306
-- Generation Time: Aug 16, 2020 at 05:26 PM
-- Server version: 8.0.20
-- PHP Version: 7.4.8

SET SQL_MODE = "NO_AUTO_VALUE_ON_ZERO";
START TRANSACTION;
SET time_zone = "+00:00";


/*!40101 SET @OLD_CHARACTER_SET_CLIENT=@@CHARACTER_SET_CLIENT */;
/*!40101 SET @OLD_CHARACTER_SET_RESULTS=@@CHARACTER_SET_RESULTS */;
/*!40101 SET @OLD_COLLATION_CONNECTION=@@COLLATION_CONNECTION */;
/*!40101 SET NAMES utf8mb4 */;

--
-- Database: `u183375181_lms`
--

-- --------------------------------------------------------

--
-- Table structure for table `addons`
--

CREATE TABLE `addons` (
  `id` int NOT NULL,
  `name` varchar(255) NOT NULL,
  `unique_identifier` varchar(255) NOT NULL,
  `version` varchar(255) DEFAULT NULL,
  `status` int NOT NULL,
  `created_at` int DEFAULT NULL,
  `updated_at` int DEFAULT NULL,
  `about` longtext
) ENGINE=InnoDB DEFAULT CHARSET=utf8;

-- --------------------------------------------------------

--
-- Table structure for table `add_instructor`
--

CREATE TABLE `add_instructor` (
  `id` int NOT NULL,
  `user_id` int NOT NULL,
  `course_id` int NOT NULL,
  `added_by` enum('student','admin') DEFAULT 'admin'
) ENGINE=InnoDB DEFAULT CHARSET=latin1;

--
-- Dumping data for table `add_instructor`
--

INSERT INTO `add_instructor` (`id`, `user_id`, `course_id`, `added_by`) VALUES
(10, 3, 13, 'admin'),
(11, 4, 13, 'admin'),
(12, 3, 0, 'admin'),
(13, 3, 2, 'admin'),
(14, 3, 4, 'admin'),
(15, 4, 4, 'admin'),
(16, 3, 17, 'admin'),
(17, 17, 17, 'admin'),
(18, 20, 17, 'admin'),
(19, 4, 14, 'admin');

-- --------------------------------------------------------

--
-- Table structure for table `add_mentor`
--

CREATE TABLE `add_mentor` (
  `id` int NOT NULL,
  `user_id` int NOT NULL,
  `course_id` int NOT NULL
) ENGINE=InnoDB DEFAULT CHARSET=utf8mb4 COLLATE=utf8mb4_unicode_ci;

--
-- Dumping data for table `add_mentor`
--

INSERT INTO `add_mentor` (`id`, `user_id`, `course_id`) VALUES
(1, 17, 14);

-- --------------------------------------------------------

--
-- Table structure for table `applications`
--

CREATE TABLE `applications` (
  `id` int UNSIGNED NOT NULL,
  `user_id` int DEFAULT NULL,
  `address` longtext CHARACTER SET utf8 COLLATE utf8_unicode_ci,
  `phone` varchar(255) CHARACTER SET utf8 COLLATE utf8_unicode_ci DEFAULT NULL,
  `message` longtext CHARACTER SET utf8 COLLATE utf8_unicode_ci,
  `document` varchar(255) CHARACTER SET utf8 COLLATE utf8_unicode_ci DEFAULT NULL,
  `status` int NOT NULL DEFAULT '0'
) ENGINE=InnoDB DEFAULT CHARSET=utf8 COLLATE=utf8_unicode_ci;

-- --------------------------------------------------------

--
-- Table structure for table `assignment`
--

CREATE TABLE `assignment` (
  `id` int NOT NULL,
  `course_id` int NOT NULL,
  `lesson_id` int NOT NULL,
  `user_id` int NOT NULL,
  `attachment` longtext NOT NULL,
  `status` int NOT NULL DEFAULT '0',
  `suggestion` text,
  `rating` varchar(255) DEFAULT NULL,
  `certificate` varchar(255) DEFAULT NULL,
  `certificate_id` varchar(255) DEFAULT NULL,
  `date_added` int NOT NULL
) ENGINE=InnoDB DEFAULT CHARSET=latin1;

--
-- Dumping data for table `assignment`
--

INSERT INTO `assignment` (`id`, `course_id`, `lesson_id`, `user_id`, `attachment`, `status`, `suggestion`, `rating`, `certificate`, `certificate_id`, `date_added`) VALUES
(17, 3, 9, 2, '1c6725ee538aeb67e9b0c28bd825e1ae.pdf', 0, NULL, NULL, NULL, NULL, 1595973600),
(18, 14, 11, 2, '12e0d4436e97f0bcd41a20efce16e421.pdf', 2, 'Hello Please update the changes', NULL, NULL, NULL, 1596060000),
(19, 14, 11, 2, '3e83114fb30aedf7f03b6acc78e2c8e8.jpg', 1, NULL, 'Excellent', 'Instructor 1 Project_20081618841.pdf', '46504498', 1596067200),
(20, 14, 11, 24, '2919e1b72fbd00ebfe00e6cf5f5bb87c.jpg', 1, NULL, 'Excellent', 'Instructor 1 Project_2008164237.pdf', '29399587', 1597363200);

-- --------------------------------------------------------

--
-- Table structure for table `category`
--

CREATE TABLE `category` (
  `id` int UNSIGNED NOT NULL,
  `code` varchar(255) CHARACTER SET utf8 COLLATE utf8_unicode_ci DEFAULT NULL,
  `name` varchar(255) CHARACTER SET utf8 COLLATE utf8_unicode_ci DEFAULT NULL,
  `parent` int DEFAULT '0',
  `slug` varchar(255) CHARACTER SET utf8 COLLATE utf8_unicode_ci DEFAULT NULL,
  `date_added` int DEFAULT NULL,
  `last_modified` int DEFAULT NULL,
  `font_awesome_class` varchar(255) CHARACTER SET utf8 COLLATE utf8_unicode_ci DEFAULT NULL,
  `thumbnail` varchar(255) CHARACTER SET utf8 COLLATE utf8_unicode_ci DEFAULT NULL
) ENGINE=InnoDB DEFAULT CHARSET=utf8 COLLATE=utf8_unicode_ci;

--
-- Dumping data for table `category`
--

INSERT INTO `category` (`id`, `code`, `name`, `parent`, `slug`, `date_added`, `last_modified`, `font_awesome_class`, `thumbnail`) VALUES
(1, '9e048776cb', 'Project', 0, 'project', 1595376000, NULL, 'fas fa-chess', 'category-thumbnail.png'),
(2, 'ddcc6b57c6', 'Internship', 0, 'internship', 1595376000, NULL, 'fas fa-chess', 'category-thumbnail.png'),
(3, '20b62780f7', 'Apprenticeship', 0, 'apprenticeship', 1595376000, NULL, 'fas fa-chess', 'category-thumbnail.png'),
(4, 'a8c0458a84', 'Science', 1, 'science', 1595376000, 1595462400, NULL, NULL),
(6, 'b0e80e7035', 'Science', 2, 'science_2', 1595462400, 1595462400, NULL, NULL);

-- --------------------------------------------------------

--
-- Table structure for table `chat_group`
--

CREATE TABLE `chat_group` (
  `id` int NOT NULL,
  `room_thread_code` varchar(100) COLLATE utf8mb4_general_ci NOT NULL,
  `group_name` varchar(100) COLLATE utf8mb4_general_ci NOT NULL,
  `date_created` datetime NOT NULL,
  `created_by` int NOT NULL
) ENGINE=InnoDB DEFAULT CHARSET=utf8mb4 COLLATE=utf8mb4_general_ci;

--
-- Dumping data for table `chat_group`
--

INSERT INTO `chat_group` (`id`, `room_thread_code`, `group_name`, `date_created`, `created_by`) VALUES
(1, '716f5311f70443e', 'Test Group', '0000-00-00 00:00:00', 12);

-- --------------------------------------------------------

--
-- Table structure for table `ci_sessions`
--

CREATE TABLE `ci_sessions` (
  `id` varchar(40) CHARACTER SET utf8 COLLATE utf8_unicode_ci NOT NULL,
  `ip_address` varchar(45) CHARACTER SET utf8 COLLATE utf8_unicode_ci NOT NULL,
  `timestamp` int UNSIGNED NOT NULL DEFAULT '0',
  `data` blob NOT NULL
) ENGINE=InnoDB DEFAULT CHARSET=utf8 COLLATE=utf8_unicode_ci;

--
-- Dumping data for table `ci_sessions`
--

INSERT INTO `ci_sessions` (`id`, `ip_address`, `timestamp`, `data`) VALUES
('4go444h4jurq8t86i6dknlaf8vudt2ge', '::1', 1597525082, 0x5f5f63695f6c6173745f726567656e65726174657c693a313539373532353038323b636172745f6974656d737c613a303a7b7d6c616e67756167657c733a373a22656e676c697368223b757365725f69647c733a313a2231223b726f6c655f69647c733a313a2231223b726f6c657c733a353a2241646d696e223b6e616d657c733a393a2241646d696e204c4d53223b69735f696e7374727563746f727c733a313a2230223b69735f6d656e746f727c733a313a2230223b656d61696c7c733a31343a2261646d696e4064656d6f2e636f6d223b61646d696e5f6c6f67696e7c733a313a2231223b),
('8uvk6vaj2e5brt77pkc034fhng861akb', '::1', 1597525410, 0x5f5f63695f6c6173745f726567656e65726174657c693a313539373532353431303b636172745f6974656d737c613a303a7b7d6c616e67756167657c733a373a22656e676c697368223b757365725f69647c733a313a2231223b726f6c655f69647c733a313a2231223b726f6c657c733a353a2241646d696e223b6e616d657c733a393a2241646d696e204c4d53223b69735f696e7374727563746f727c733a313a2230223b69735f6d656e746f727c733a313a2230223b656d61696c7c733a31343a2261646d696e4064656d6f2e636f6d223b61646d696e5f6c6f67696e7c733a313a2231223b),
('4bae77ac8jroefescf1o9kl2pdaijp0s', '::1', 1597526678, 0x5f5f63695f6c6173745f726567656e65726174657c693a313539373532363637383b636172745f6974656d737c613a303a7b7d6c616e67756167657c733a373a22656e676c697368223b757365725f69647c733a313a2231223b726f6c655f69647c733a313a2231223b726f6c657c733a353a2241646d696e223b6e616d657c733a393a2241646d696e204c4d53223b69735f696e7374727563746f727c733a313a2230223b69735f6d656e746f727c733a313a2230223b656d61696c7c733a31343a2261646d696e4064656d6f2e636f6d223b61646d696e5f6c6f67696e7c733a313a2231223b666c6173685f6d6573736167657c733a31323a22446174612064656c65746564223b5f5f63695f766172737c613a313a7b733a31333a22666c6173685f6d657373616765223b733a333a226f6c64223b7d),
('iggfkdcqfu8nnng040dvd1tpvbt6dhe9', '::1', 1597526992, 0x5f5f63695f6c6173745f726567656e65726174657c693a313539373532363939323b636172745f6974656d737c613a303a7b7d6c616e67756167657c733a373a22656e676c697368223b757365725f69647c733a313a2231223b726f6c655f69647c733a313a2231223b726f6c657c733a353a2241646d696e223b6e616d657c733a393a2241646d696e204c4d53223b69735f696e7374727563746f727c733a313a2230223b69735f6d656e746f727c733a313a2230223b656d61696c7c733a31343a2261646d696e4064656d6f2e636f6d223b61646d696e5f6c6f67696e7c733a313a2231223b6572726f725f6d6573736167657c733a32383a2243617465676f7279206e616d6520616c726561647920657869737473223b5f5f63695f766172737c613a313a7b733a31333a226572726f725f6d657373616765223b733a333a226f6c64223b7d),
('elqihbampv6bkgst36uqn0883pqe5431', '::1', 1597527305, 0x5f5f63695f6c6173745f726567656e65726174657c693a313539373532373330353b636172745f6974656d737c613a303a7b7d6c616e67756167657c733a373a22656e676c697368223b757365725f69647c733a313a2231223b726f6c655f69647c733a313a2231223b726f6c657c733a353a2241646d696e223b6e616d657c733a393a2241646d696e204c4d53223b69735f696e7374727563746f727c733a313a2230223b69735f6d656e746f727c733a313a2230223b656d61696c7c733a31343a2261646d696e4064656d6f2e636f6d223b61646d696e5f6c6f67696e7c733a313a2231223b),
('3pjvtbri6umvdpuk1m7qa148e5flq8b7', '::1', 1597527746, 0x5f5f63695f6c6173745f726567656e65726174657c693a313539373532373734363b636172745f6974656d737c613a303a7b7d6c616e67756167657c733a373a22656e676c697368223b757365725f69647c733a313a2231223b726f6c655f69647c733a313a2231223b726f6c657c733a353a2241646d696e223b6e616d657c733a393a2241646d696e204c4d53223b69735f696e7374727563746f727c733a313a2230223b69735f6d656e746f727c733a313a2230223b656d61696c7c733a31343a2261646d696e4064656d6f2e636f6d223b61646d696e5f6c6f67696e7c733a313a2231223b6572726f725f6d6573736167657c733a32363a22436f75727365206e616d6520616c726561647920657869737473223b5f5f63695f766172737c613a313a7b733a31333a226572726f725f6d657373616765223b733a333a226f6c64223b7d),
('7d3amkdu4qhgp9fd7in01668af8471b6', '::1', 1597528132, 0x5f5f63695f6c6173745f726567656e65726174657c693a313539373532383133323b636172745f6974656d737c613a303a7b7d6c616e67756167657c733a373a22656e676c697368223b757365725f69647c733a313a2231223b726f6c655f69647c733a313a2231223b726f6c657c733a353a2241646d696e223b6e616d657c733a393a2241646d696e204c4d53223b69735f696e7374727563746f727c733a313a2230223b69735f6d656e746f727c733a313a2230223b656d61696c7c733a31343a2261646d696e4064656d6f2e636f6d223b61646d696e5f6c6f67696e7c733a313a2231223b),
('o305i8kkdamp6r7klv3jqarlpecn10r3', '::1', 1597528444, 0x5f5f63695f6c6173745f726567656e65726174657c693a313539373532383434343b636172745f6974656d737c613a303a7b7d6c616e67756167657c733a373a22656e676c697368223b757365725f69647c733a313a2231223b726f6c655f69647c733a313a2231223b726f6c657c733a353a2241646d696e223b6e616d657c733a393a2241646d696e204c4d53223b69735f696e7374727563746f727c733a313a2230223b69735f6d656e746f727c733a313a2230223b656d61696c7c733a31343a2261646d696e4064656d6f2e636f6d223b61646d696e5f6c6f67696e7c733a313a2231223b),
('4vh9038b8equ2r71qlbi02274en8ndkd', '::1', 1597528851, 0x5f5f63695f6c6173745f726567656e65726174657c693a313539373532383835313b636172745f6974656d737c613a303a7b7d6c616e67756167657c733a373a22656e676c697368223b757365725f69647c733a313a2231223b726f6c655f69647c733a313a2231223b726f6c657c733a353a2241646d696e223b6e616d657c733a393a2241646d696e204c4d53223b69735f696e7374727563746f727c733a313a2230223b69735f6d656e746f727c733a313a2230223b656d61696c7c733a31343a2261646d696e4064656d6f2e636f6d223b61646d696e5f6c6f67696e7c733a313a2231223b666c6173685f6d6573736167657c733a32353a22446174612075706461746564207375636365737366756c6c79223b5f5f63695f766172737c613a313a7b733a31333a22666c6173685f6d657373616765223b733a333a226f6c64223b7d),
('nbp37g5rrfhc26q083uiujcsbuurqbf6', '::1', 1597529186, 0x5f5f63695f6c6173745f726567656e65726174657c693a313539373532393138363b636172745f6974656d737c613a303a7b7d6c616e67756167657c733a373a22656e676c697368223b757365725f69647c733a313a2231223b726f6c655f69647c733a313a2231223b726f6c657c733a353a2241646d696e223b6e616d657c733a393a2241646d696e204c4d53223b69735f696e7374727563746f727c733a313a2230223b69735f6d656e746f727c733a313a2230223b656d61696c7c733a31343a2261646d696e4064656d6f2e636f6d223b61646d696e5f6c6f67696e7c733a313a2231223b),
('2nv1hl890qg2df0rbecki4h3omro00jr', '::1', 1597529523, 0x5f5f63695f6c6173745f726567656e65726174657c693a313539373532393532333b636172745f6974656d737c613a303a7b7d6c616e67756167657c733a373a22656e676c697368223b757365725f69647c733a313a2231223b726f6c655f69647c733a313a2231223b726f6c657c733a353a2241646d696e223b6e616d657c733a393a2241646d696e204c4d53223b69735f696e7374727563746f727c733a313a2230223b69735f6d656e746f727c733a313a2230223b656d61696c7c733a31343a2261646d696e4064656d6f2e636f6d223b61646d696e5f6c6f67696e7c733a313a2231223b),
('4us8rk03o9371fhodv9gdhggussa5v8m', '::1', 1597530475, 0x5f5f63695f6c6173745f726567656e65726174657c693a313539373533303437353b636172745f6974656d737c613a303a7b7d6c616e67756167657c733a373a22656e676c697368223b757365725f69647c733a313a2231223b726f6c655f69647c733a313a2231223b726f6c657c733a353a2241646d696e223b6e616d657c733a393a2241646d696e204c4d53223b69735f696e7374727563746f727c733a313a2230223b69735f6d656e746f727c733a313a2230223b656d61696c7c733a31343a2261646d696e4064656d6f2e636f6d223b61646d696e5f6c6f67696e7c733a313a2231223b),
('vta6j35ijv0hun5nqnq6bqir1k3ekijc', '::1', 1597530789, 0x5f5f63695f6c6173745f726567656e65726174657c693a313539373533303738393b636172745f6974656d737c613a303a7b7d6c616e67756167657c733a373a22656e676c697368223b757365725f69647c733a313a2231223b726f6c655f69647c733a313a2231223b726f6c657c733a353a2241646d696e223b6e616d657c733a393a2241646d696e204c4d53223b69735f696e7374727563746f727c733a313a2230223b69735f6d656e746f727c733a313a2230223b656d61696c7c733a31343a2261646d696e4064656d6f2e636f6d223b61646d696e5f6c6f67696e7c733a313a2231223b),
('p7upaceja6r4lrpk8f88jggd9nii4pje', '::1', 1597531112, 0x5f5f63695f6c6173745f726567656e65726174657c693a313539373533313131323b636172745f6974656d737c613a303a7b7d6c616e67756167657c733a373a22656e676c697368223b69735f6d656e746f727c733a313a2230223b656d61696c7c733a31343a2261646d696e4064656d6f2e636f6d223b),
('hrv1rmonk93na5u6ep1na4cibe1penpu', '::1', 1597532933, 0x5f5f63695f6c6173745f726567656e65726174657c693a313539373533323933333b636172745f6974656d737c613a303a7b7d6c616e67756167657c733a373a22656e676c697368223b69735f6d656e746f727c733a313a2230223b656d61696c7c733a31393a22696e7374727563746f724064656d6f2e636f6d223b757365725f69647c733a313a2233223b726f6c655f69647c733a313a2232223b726f6c657c733a343a2255736572223b6e616d657c733a31353a22496e7374727563746f722064656d6f223b69735f696e7374727563746f727c733a313a2231223b757365725f6c6f67696e7c733a313a2231223b),
('lmskelfgan3d7vqn5p6rr6rcgtoa4rld', '::1', 1597533234, 0x5f5f63695f6c6173745f726567656e65726174657c693a313539373533333233343b636172745f6974656d737c613a303a7b7d6c616e67756167657c733a373a22656e676c697368223b69735f6d656e746f727c733a313a2230223b656d61696c7c733a31393a22696e7374727563746f724064656d6f2e636f6d223b757365725f69647c733a313a2233223b726f6c655f69647c733a313a2232223b726f6c657c733a343a2255736572223b6e616d657c733a31353a22496e7374727563746f722064656d6f223b69735f696e7374727563746f727c733a313a2231223b757365725f6c6f67696e7c733a313a2231223b),
('sc4idsjmuuld80un4elqvp76lhn65tmd', '::1', 1597533619, 0x5f5f63695f6c6173745f726567656e65726174657c693a313539373533333631393b636172745f6974656d737c613a303a7b7d6c616e67756167657c733a373a22656e676c697368223b69735f6d656e746f727c733a313a2230223b656d61696c7c733a31393a22696e7374727563746f724064656d6f2e636f6d223b757365725f69647c733a313a2233223b726f6c655f69647c733a313a2232223b726f6c657c733a343a2255736572223b6e616d657c733a31353a22496e7374727563746f722064656d6f223b69735f696e7374727563746f727c733a313a2231223b757365725f6c6f67696e7c733a313a2231223b666c6173685f6d6573736167657c733a33323a2241737369676e6d656e7420617070726f766564207375636365737366756c6c79223b5f5f63695f766172737c613a313a7b733a31333a22666c6173685f6d657373616765223b733a333a226f6c64223b7d),
('b685rngakoe24560btfvrnahbin6rthk', '::1', 1597534125, 0x5f5f63695f6c6173745f726567656e65726174657c693a313539373533343132353b636172745f6974656d737c613a303a7b7d6c616e67756167657c733a373a22656e676c697368223b69735f6d656e746f727c733a313a2230223b656d61696c7c733a31393a22696e7374727563746f724064656d6f2e636f6d223b757365725f69647c733a313a2233223b726f6c655f69647c733a313a2232223b726f6c657c733a343a2255736572223b6e616d657c733a31353a22496e7374727563746f722064656d6f223b69735f696e7374727563746f727c733a313a2231223b757365725f6c6f67696e7c733a313a2231223b666c6173685f6d6573736167657c733a33323a2241737369676e6d656e7420617070726f766564207375636365737366756c6c79223b5f5f63695f766172737c613a313a7b733a31333a22666c6173685f6d657373616765223b733a333a226f6c64223b7d),
('tacevblsinll2crtbiinflt74ds4iidp', '::1', 1597534635, 0x5f5f63695f6c6173745f726567656e65726174657c693a313539373533343633353b636172745f6974656d737c613a303a7b7d6c616e67756167657c733a373a22656e676c697368223b69735f6d656e746f727c733a313a2230223b656d61696c7c733a31363a2273747564656e744064656d6f2e636f6d223b757365725f69647c733a313a2232223b726f6c655f69647c733a313a2232223b726f6c657c733a343a2255736572223b6e616d657c733a393a2253747564656e742031223b69735f696e7374727563746f727c733a313a2230223b757365725f6c6f67696e7c733a313a2231223b),
('4b5pm4vthqldqbsgdlg3keof7pne87kj', '::1', 1597534990, 0x5f5f63695f6c6173745f726567656e65726174657c693a313539373533343939303b636172745f6974656d737c613a303a7b7d6c616e67756167657c733a373a22656e676c697368223b69735f6d656e746f727c733a313a2230223b656d61696c7c733a31363a2273747564656e744064656d6f2e636f6d223b757365725f69647c733a313a2232223b726f6c655f69647c733a313a2232223b726f6c657c733a343a2255736572223b6e616d657c733a393a2253747564656e742031223b69735f696e7374727563746f727c733a313a2230223b757365725f6c6f67696e7c733a313a2231223b),
('3rbcojluqr6r7ibec9l52j2pev56u8gh', '::1', 1597535348, 0x5f5f63695f6c6173745f726567656e65726174657c693a313539373533353334383b636172745f6974656d737c613a303a7b7d6c616e67756167657c733a373a22656e676c697368223b69735f6d656e746f727c733a313a2230223b656d61696c7c733a31363a2273747564656e744064656d6f2e636f6d223b757365725f69647c733a313a2232223b726f6c655f69647c733a313a2232223b726f6c657c733a343a2255736572223b6e616d657c733a393a2253747564656e742031223b69735f696e7374727563746f727c733a313a2230223b757365725f6c6f67696e7c733a313a2231223b),
('82d8082ve307u20ro0ktt2k31fiict55', '::1', 1597535749, 0x5f5f63695f6c6173745f726567656e65726174657c693a313539373533353734393b636172745f6974656d737c613a303a7b7d6c616e67756167657c733a373a22656e676c697368223b69735f6d656e746f727c733a313a2230223b656d61696c7c733a31363a2273747564656e744064656d6f2e636f6d223b757365725f69647c733a313a2232223b726f6c655f69647c733a313a2232223b726f6c657c733a343a2255736572223b6e616d657c733a393a2253747564656e742031223b69735f696e7374727563746f727c733a313a2230223b757365725f6c6f67696e7c733a313a2231223b),
('4vb6qgg7ii7enchf6dpss5nhpbpr7kht', '::1', 1597536443, 0x5f5f63695f6c6173745f726567656e65726174657c693a313539373533363434333b636172745f6974656d737c613a303a7b7d6c616e67756167657c733a373a22656e676c697368223b69735f6d656e746f727c733a313a2230223b656d61696c7c733a31363a2273747564656e744064656d6f2e636f6d223b757365725f69647c733a313a2232223b726f6c655f69647c733a313a2232223b726f6c657c733a343a2255736572223b6e616d657c733a393a2253747564656e742031223b69735f696e7374727563746f727c733a313a2230223b757365725f6c6f67696e7c733a313a2231223b),
('3oskh95tr94f70clu9g6pevbee3h93mi', '::1', 1597537357, 0x5f5f63695f6c6173745f726567656e65726174657c693a313539373533373335373b636172745f6974656d737c613a303a7b7d6c616e67756167657c733a373a22656e676c697368223b69735f6d656e746f727c733a313a2230223b656d61696c7c733a31363a2273747564656e744064656d6f2e636f6d223b757365725f69647c733a313a2232223b726f6c655f69647c733a313a2232223b726f6c657c733a343a2255736572223b6e616d657c733a393a2253747564656e742031223b69735f696e7374727563746f727c733a313a2230223b757365725f6c6f67696e7c733a313a2231223b),
('9f0d7louclni7gteukd19li8d89inlgv', '::1', 1597537658, 0x5f5f63695f6c6173745f726567656e65726174657c693a313539373533373635383b636172745f6974656d737c613a303a7b7d6c616e67756167657c733a373a22656e676c697368223b69735f6d656e746f727c733a313a2230223b656d61696c7c733a31363a2273747564656e744064656d6f2e636f6d223b757365725f69647c733a313a2232223b726f6c655f69647c733a313a2232223b726f6c657c733a343a2255736572223b6e616d657c733a393a2253747564656e742031223b69735f696e7374727563746f727c733a313a2230223b757365725f6c6f67696e7c733a313a2231223b),
('3iirb67d8nbbfpa4441p8pa7gnndf7o1', '::1', 1597537992, 0x5f5f63695f6c6173745f726567656e65726174657c693a313539373533373939323b636172745f6974656d737c613a303a7b7d6c616e67756167657c733a373a22656e676c697368223b69735f6d656e746f727c733a313a2230223b656d61696c7c733a31363a2273747564656e744064656d6f2e636f6d223b757365725f69647c733a313a2232223b726f6c655f69647c733a313a2232223b726f6c657c733a343a2255736572223b6e616d657c733a393a2253747564656e742031223b69735f696e7374727563746f727c733a313a2230223b757365725f6c6f67696e7c733a313a2231223b),
('9o111o7g8kv71gd815803e87l300fcp2', '::1', 1597538366, 0x5f5f63695f6c6173745f726567656e65726174657c693a313539373533383336363b636172745f6974656d737c613a303a7b7d6c616e67756167657c733a373a22656e676c697368223b69735f6d656e746f727c733a313a2230223b656d61696c7c733a31363a2273747564656e744064656d6f2e636f6d223b),
('4kajsbfo68le77b5upqbj3t1gdp7m66e', '::1', 1597538459, 0x5f5f63695f6c6173745f726567656e65726174657c693a313539373533383336363b636172745f6974656d737c613a303a7b7d6c616e67756167657c733a373a22656e676c697368223b69735f6d656e746f727c733a313a2230223b656d61696c7c733a31363a2273747564656e744064656d6f2e636f6d223b),
('063564ee1688ca19cc40d08a825260e0b3b22e64', '157.32.127.164', 1597562854, 0x5f5f63695f6c6173745f726567656e65726174657c693a313539373536323737323b636172745f6974656d737c613a303a7b7d6c616e67756167657c733a373a22656e676c697368223b757365725f69647c733a313a2231223b726f6c655f69647c733a313a2231223b726f6c657c733a353a2241646d696e223b6e616d657c733a393a2241646d696e204c4d53223b69735f696e7374727563746f727c733a313a2230223b69735f6d656e746f727c733a313a2230223b656d61696c7c733a31343a2261646d696e4064656d6f2e636f6d223b61646d696e5f6c6f67696e7c733a313a2231223b),
('31aaff945bd78946b503348eb0f24b9a2ac2330e', '157.32.127.164', 1597563009, 0x5f5f63695f6c6173745f726567656e65726174657c693a313539373536323838373b636172745f6974656d737c613a303a7b7d6c616e67756167657c733a373a22656e676c697368223b757365725f69647c733a313a2233223b726f6c655f69647c733a313a2232223b726f6c657c733a343a2255736572223b6e616d657c733a31353a22496e7374727563746f722064656d6f223b69735f696e7374727563746f727c733a313a2231223b69735f6d656e746f727c733a313a2230223b656d61696c7c733a31393a22696e7374727563746f724064656d6f2e636f6d223b757365725f6c6f67696e7c733a313a2231223b),
('d523c552a650376a650e6b6a4c8dbe80abe7f518', '157.32.127.164', 1597570006, 0x5f5f63695f6c6173745f726567656e65726174657c693a313539373537303030313b636172745f6974656d737c613a303a7b7d6c616e67756167657c733a373a22656e676c697368223b),
('jc6khjhj8tuvd2m82n0td33s4a4l7hpu', '::1', 1597590904, 0x5f5f63695f6c6173745f726567656e65726174657c693a313539373539303930343b636172745f6974656d737c613a303a7b7d6c616e67756167657c733a373a22656e676c697368223b757365725f69647c733a323a223132223b726f6c655f69647c733a313a2232223b726f6c657c733a343a2255736572223b6e616d657c733a31333a22616b68696c2074726976656469223b69735f696e7374727563746f727c733a313a2230223b69735f6d656e746f727c733a313a2230223b656d61696c7c733a32343a22616b68696c74726976656469666340676d61696c2e636f6d223b757365725f6c6f67696e7c733a313a2231223b666c6173685f6d6573736167657c733a31323a224d6573736167652073656e74223b5f5f63695f766172737c613a313a7b733a31333a22666c6173685f6d657373616765223b733a333a226f6c64223b7d),
('gn8nivr3bg4m4feglc19tn5ei4odffs0', '::1', 1597591214, 0x5f5f63695f6c6173745f726567656e65726174657c693a313539373539313231343b636172745f6974656d737c613a303a7b7d6c616e67756167657c733a373a22656e676c697368223b757365725f69647c733a323a223132223b726f6c655f69647c733a313a2232223b726f6c657c733a343a2255736572223b6e616d657c733a31333a22616b68696c2074726976656469223b69735f696e7374727563746f727c733a313a2230223b69735f6d656e746f727c733a313a2230223b656d61696c7c733a32343a22616b68696c74726976656469666340676d61696c2e636f6d223b757365725f6c6f67696e7c733a313a2231223b),
('46k5oivnaie1q9asaov11318dhnoakrg', '::1', 1597591690, 0x5f5f63695f6c6173745f726567656e65726174657c693a313539373539313639303b636172745f6974656d737c613a303a7b7d6c616e67756167657c733a373a22656e676c697368223b757365725f69647c733a323a223132223b726f6c655f69647c733a313a2232223b726f6c657c733a343a2255736572223b6e616d657c733a31333a22616b68696c2074726976656469223b69735f696e7374727563746f727c733a313a2230223b69735f6d656e746f727c733a313a2230223b656d61696c7c733a32343a22616b68696c74726976656469666340676d61696c2e636f6d223b757365725f6c6f67696e7c733a313a2231223b),
('9monum2u9l5pk8v38mbgdfu9mrpv74f2', '::1', 1597591993, 0x5f5f63695f6c6173745f726567656e65726174657c693a313539373539313939333b636172745f6974656d737c613a303a7b7d6c616e67756167657c733a373a22656e676c697368223b757365725f69647c733a323a223132223b726f6c655f69647c733a313a2232223b726f6c657c733a343a2255736572223b6e616d657c733a31333a22616b68696c2074726976656469223b69735f696e7374727563746f727c733a313a2230223b69735f6d656e746f727c733a313a2230223b656d61696c7c733a32343a22616b68696c74726976656469666340676d61696c2e636f6d223b757365725f6c6f67696e7c733a313a2231223b),
('0q9cbcgvd53btbgknvmast6r2baislrs', '::1', 1597592306, 0x5f5f63695f6c6173745f726567656e65726174657c693a313539373539323330363b636172745f6974656d737c613a303a7b7d6c616e67756167657c733a373a22656e676c697368223b757365725f69647c733a323a223132223b726f6c655f69647c733a313a2232223b726f6c657c733a343a2255736572223b6e616d657c733a31333a22616b68696c2074726976656469223b69735f696e7374727563746f727c733a313a2230223b69735f6d656e746f727c733a313a2230223b656d61696c7c733a32343a22616b68696c74726976656469666340676d61696c2e636f6d223b757365725f6c6f67696e7c733a313a2231223b666c6173685f6d6573736167657c733a31333a2247726f75702063726561746564223b5f5f63695f766172737c613a313a7b733a31333a22666c6173685f6d657373616765223b733a333a226f6c64223b7d),
('5ia52ebromqf817l70rb4aksuau730od', '::1', 1597592850, 0x5f5f63695f6c6173745f726567656e65726174657c693a313539373539323835303b636172745f6974656d737c613a303a7b7d6c616e67756167657c733a373a22656e676c697368223b757365725f69647c733a323a223132223b726f6c655f69647c733a313a2232223b726f6c657c733a343a2255736572223b6e616d657c733a31333a22616b68696c2074726976656469223b69735f696e7374727563746f727c733a313a2230223b69735f6d656e746f727c733a313a2230223b656d61696c7c733a32343a22616b68696c74726976656469666340676d61696c2e636f6d223b757365725f6c6f67696e7c733a313a2231223b),
('76jnr5d62vdqhhtp9scsh1gbbr20tljn', '::1', 1597593208, 0x5f5f63695f6c6173745f726567656e65726174657c693a313539373539333230383b636172745f6974656d737c613a303a7b7d6c616e67756167657c733a373a22656e676c697368223b757365725f69647c733a323a223132223b726f6c655f69647c733a313a2232223b726f6c657c733a343a2255736572223b6e616d657c733a31333a22616b68696c2074726976656469223b69735f696e7374727563746f727c733a313a2230223b69735f6d656e746f727c733a313a2230223b656d61696c7c733a32343a22616b68696c74726976656469666340676d61696c2e636f6d223b757365725f6c6f67696e7c733a313a2231223b),
('m00t06loocupafk5gg05is1d8fnq72vl', '::1', 1597593566, 0x5f5f63695f6c6173745f726567656e65726174657c693a313539373539333536363b636172745f6974656d737c613a303a7b7d6c616e67756167657c733a373a22656e676c697368223b757365725f69647c733a323a223132223b726f6c655f69647c733a313a2232223b726f6c657c733a343a2255736572223b6e616d657c733a31333a22616b68696c2074726976656469223b69735f696e7374727563746f727c733a313a2230223b69735f6d656e746f727c733a313a2230223b656d61696c7c733a32343a22616b68696c74726976656469666340676d61696c2e636f6d223b757365725f6c6f67696e7c733a313a2231223b),
('dgruqbt1v94g8rj5ok8h51oqkd67peg8', '::1', 1597593984, 0x5f5f63695f6c6173745f726567656e65726174657c693a313539373539333938343b636172745f6974656d737c613a303a7b7d6c616e67756167657c733a373a22656e676c697368223b757365725f69647c733a323a223132223b726f6c655f69647c733a313a2232223b726f6c657c733a343a2255736572223b6e616d657c733a31333a22616b68696c2074726976656469223b69735f696e7374727563746f727c733a313a2230223b69735f6d656e746f727c733a313a2230223b656d61696c7c733a32343a22616b68696c74726976656469666340676d61696c2e636f6d223b757365725f6c6f67696e7c733a313a2231223b),
('b1c7gtsrsfkrn3h5dphlkhjgm07oj1f2', '::1', 1597594423, 0x5f5f63695f6c6173745f726567656e65726174657c693a313539373539343432333b636172745f6974656d737c613a303a7b7d6c616e67756167657c733a373a22656e676c697368223b757365725f69647c733a323a223132223b726f6c655f69647c733a313a2232223b726f6c657c733a343a2255736572223b6e616d657c733a31333a22616b68696c2074726976656469223b69735f696e7374727563746f727c733a313a2230223b69735f6d656e746f727c733a313a2230223b656d61696c7c733a32343a22616b68696c74726976656469666340676d61696c2e636f6d223b757365725f6c6f67696e7c733a313a2231223b),
('tpt4orc801qv6iga6jqgk3vtamipb6oi', '::1', 1597595593, 0x5f5f63695f6c6173745f726567656e65726174657c693a313539373539353539333b636172745f6974656d737c613a303a7b7d6c616e67756167657c733a373a22656e676c697368223b757365725f69647c733a323a223132223b726f6c655f69647c733a313a2232223b726f6c657c733a343a2255736572223b6e616d657c733a31333a22616b68696c2074726976656469223b69735f696e7374727563746f727c733a313a2230223b69735f6d656e746f727c733a313a2230223b656d61696c7c733a32343a22616b68696c74726976656469666340676d61696c2e636f6d223b757365725f6c6f67696e7c733a313a2231223b666c6173685f6d6573736167657c733a31333a2247726f75702063726561746564223b5f5f63695f766172737c613a313a7b733a31333a22666c6173685f6d657373616765223b733a333a226f6c64223b7d),
('i6gvvhq96mb8lug1un2d80slcphisso1', '::1', 1597595991, 0x5f5f63695f6c6173745f726567656e65726174657c693a313539373539353939313b636172745f6974656d737c613a303a7b7d6c616e67756167657c733a373a22656e676c697368223b757365725f69647c733a323a223132223b726f6c655f69647c733a313a2232223b726f6c657c733a343a2255736572223b6e616d657c733a31333a22616b68696c2074726976656469223b69735f696e7374727563746f727c733a313a2230223b69735f6d656e746f727c733a313a2230223b656d61696c7c733a32343a22616b68696c74726976656469666340676d61696c2e636f6d223b757365725f6c6f67696e7c733a313a2231223b),
('hs5kpk71hgoltee9hp76e2qklua55gii', '::1', 1597596347, 0x5f5f63695f6c6173745f726567656e65726174657c693a313539373539363334363b636172745f6974656d737c613a303a7b7d6c616e67756167657c733a373a22656e676c697368223b757365725f69647c733a323a223132223b726f6c655f69647c733a313a2232223b726f6c657c733a343a2255736572223b6e616d657c733a31333a22616b68696c2074726976656469223b69735f696e7374727563746f727c733a313a2230223b69735f6d656e746f727c733a313a2230223b656d61696c7c733a32343a22616b68696c74726976656469666340676d61696c2e636f6d223b757365725f6c6f67696e7c733a313a2231223b),
('0re4oc5go4d7griuufmar1t756p42vuq', '::1', 1597596893, 0x5f5f63695f6c6173745f726567656e65726174657c693a313539373539363839333b636172745f6974656d737c613a303a7b7d6c616e67756167657c733a373a22656e676c697368223b757365725f69647c733a323a223132223b726f6c655f69647c733a313a2232223b726f6c657c733a343a2255736572223b6e616d657c733a31333a22616b68696c2074726976656469223b69735f696e7374727563746f727c733a313a2230223b69735f6d656e746f727c733a313a2230223b656d61696c7c733a32343a22616b68696c74726976656469666340676d61696c2e636f6d223b757365725f6c6f67696e7c733a313a2231223b),
('rc4i1tjh63a5loi4857nf9gsbud13d4c', '::1', 1597597317, 0x5f5f63695f6c6173745f726567656e65726174657c693a313539373539373331373b636172745f6974656d737c613a303a7b7d6c616e67756167657c733a373a22656e676c697368223b757365725f69647c733a323a223132223b726f6c655f69647c733a313a2232223b726f6c657c733a343a2255736572223b6e616d657c733a31333a22616b68696c2074726976656469223b69735f696e7374727563746f727c733a313a2230223b69735f6d656e746f727c733a313a2230223b656d61696c7c733a32343a22616b68696c74726976656469666340676d61696c2e636f6d223b757365725f6c6f67696e7c733a313a2231223b),
('nm24nj7bv90s59shq5athuqnet1d0d11', '::1', 1597597655, 0x5f5f63695f6c6173745f726567656e65726174657c693a313539373539373635353b636172745f6974656d737c613a303a7b7d6c616e67756167657c733a373a22656e676c697368223b757365725f69647c733a323a223132223b726f6c655f69647c733a313a2232223b726f6c657c733a343a2255736572223b6e616d657c733a31333a22616b68696c2074726976656469223b69735f696e7374727563746f727c733a313a2230223b69735f6d656e746f727c733a313a2230223b656d61696c7c733a32343a22616b68696c74726976656469666340676d61696c2e636f6d223b757365725f6c6f67696e7c733a313a2231223b),
('a8a9p75uf6e7qdd284ghaq8bsfsb5u17', '::1', 1597598453, 0x5f5f63695f6c6173745f726567656e65726174657c693a313539373539383435333b636172745f6974656d737c613a303a7b7d6c616e67756167657c733a373a22656e676c697368223b757365725f69647c733a323a223132223b726f6c655f69647c733a313a2232223b726f6c657c733a343a2255736572223b6e616d657c733a31333a22616b68696c2074726976656469223b69735f696e7374727563746f727c733a313a2230223b69735f6d656e746f727c733a313a2230223b656d61696c7c733a32343a22616b68696c74726976656469666340676d61696c2e636f6d223b757365725f6c6f67696e7c733a313a2231223b),
('4bti0qjspmail5cj352futkpf57otfc4', '::1', 1597598763, 0x5f5f63695f6c6173745f726567656e65726174657c693a313539373539383736333b636172745f6974656d737c613a303a7b7d6c616e67756167657c733a373a22656e676c697368223b69735f6d656e746f727c733a313a2230223b656d61696c7c733a32343a22616b68696c74726976656469406f75746c6f6f6b2e636f6d223b6163636573735f746f6b656e7c613a363a7b733a31323a226163636573735f746f6b656e223b733a3137303a22796132392e613041664836534d4441494b6e4139357264664e617a3242433157433077327a493749562d6e436a555668526e5252533742464d2d544230316f435479493447546e345049645a45675a4a4f6779393530664c4531577a713276354d34374c48575376556376523533736f6d596f64614c6a6b7648697555666a4f6969516a346b387850625a586f317138734c5355676467346b3471694c5f517a6e6a6e30396774435249223b733a31303a22657870697265735f696e223b693a333539393b733a353a2273636f7065223b733a3130323a2268747470733a2f2f7777772e676f6f676c65617069732e636f6d2f617574682f75736572696e666f2e70726f66696c65206f70656e69642068747470733a2f2f7777772e676f6f676c65617069732e636f6d2f617574682f75736572696e666f2e656d61696c223b733a31303a22746f6b656e5f74797065223b733a363a22426561726572223b733a383a2269645f746f6b656e223b733a313136393a2265794a68624763694f694a53557a49314e694973496d74705a434936496a5a69597a597a5a546c6d4d54686b4e545978596a4d305a6a55324e6a686d4f4468685a5449335a4451344f4463325a4467774e7a4d694c434a30655841694f694a4b5631516966512e65794a7063334d694f694a6f64485277637a6f764c32466a59323931626e527a4c6d6476623264735a53356a623230694c434a68656e41694f6949344f4445314f5463324f4455324d7a4d74624842304e476472617a4a7063473930624770734e6e526c64585979636e4632616d686b5a58417861584575595842776379356e6232396e624756316332567959323975644756756443356a623230694c434a68645751694f6949344f4445314f5463324f4455324d7a4d74624842304e476472617a4a7063473930624770734e6e526c64585979636e4632616d686b5a58417861584575595842776379356e6232396e624756316332567959323975644756756443356a623230694c434a7a645749694f6949784d4467344d7a4d304e6a51784d5459354e6a6b304e6a59794f5467694c434a6c6257467062434936496e646c596935696558526c5a476c6e61577868596e4e415a3231686157777559323974496977695a57316861577866646d567961575a705a5751694f6e527964575573496d463058326868633267694f694a5051564a6a56316c52623364314e6e4656576e705762466c534f574a4249697769626d46745a534936496b4a356447556752476c6e61577868596e4d694c434a7761574e3064584a6c496a6f696148523063484d364c79397361444d755a3239765a32786c64584e6c636d4e76626e526c626e5175593239744c3245744c30465061444530523268685346467256577466537a4669656b4e75536d68685348564562555a4e647a46586244453155446c5a617a6849516d6b3450584d354e69316a496977695a326c325a573566626d46745a534936496b4a35644755694c434a6d5957317062486c66626d46745a534936496b52705a326c7359574a7a496977696247396a5957786c496a6f695a573474523049694c434a70595851694f6a45314f5463314f5467334d6a4d73496d5634634349364d5455354e7a59774d6a4d794d33302e62423747776c62717759676f7933324d567a50444b757850314237384336655543384c43584b3739656232314144733554626650766f494c3679797449386e764c3846395662452d43775f372d317635386850377953323943644155544d363375644b37474b4d374b6d78486747546f78435450514b4e4b4c32596e556c42507361517a3876316e484a4b396a7346626c6f66366c674a426c6f4d634d4b64545367614378543076624274706f576b616b66444335574942546653496d737a504b4846564a703864695f686c52736d7a4561504f66706877546b776e71714e467a33306c45524e6969716d4e47794c4b6d6b54353231515670764b7033724574627153754f514f4d415966384a45506a6e344b357a4b6769417042766d6c653853315a56734a4972635747465067467371694e6c4b31554676586b5a54433266765a4334634642764f353173646b38716d4a70775651223b733a373a2263726561746564223b693a313539373539383732333b7d757365725f69647c733a323a223134223b726f6c655f69647c733a313a2232223b726f6c657c733a343a2255736572223b6e616d657c733a31333a224279746520446967696c616273223b69735f696e7374727563746f727c733a313a2230223b757365725f6c6f67696e7c733a313a2231223b),
('k8jt3351fgsjnhrut5uuh1pla2uvurob', '::1', 1597598768, 0x5f5f63695f6c6173745f726567656e65726174657c693a313539373539383736333b636172745f6974656d737c613a303a7b7d6c616e67756167657c733a373a22656e676c697368223b69735f6d656e746f727c733a313a2230223b656d61696c7c733a32343a22616b68696c74726976656469406f75746c6f6f6b2e636f6d223b6163636573735f746f6b656e7c613a363a7b733a31323a226163636573735f746f6b656e223b733a3137303a22796132392e613041664836534d4441494b6e4139357264664e617a3242433157433077327a493749562d6e436a555668526e5252533742464d2d544230316f435479493447546e345049645a45675a4a4f6779393530664c4531577a713276354d34374c48575376556376523533736f6d596f64614c6a6b7648697555666a4f6969516a346b387850625a586f317138734c5355676467346b3471694c5f517a6e6a6e30396774435249223b733a31303a22657870697265735f696e223b693a333539393b733a353a2273636f7065223b733a3130323a2268747470733a2f2f7777772e676f6f676c65617069732e636f6d2f617574682f75736572696e666f2e70726f66696c65206f70656e69642068747470733a2f2f7777772e676f6f676c65617069732e636f6d2f617574682f75736572696e666f2e656d61696c223b733a31303a22746f6b656e5f74797065223b733a363a22426561726572223b733a383a2269645f746f6b656e223b733a313136393a2265794a68624763694f694a53557a49314e694973496d74705a434936496a5a69597a597a5a546c6d4d54686b4e545978596a4d305a6a55324e6a686d4f4468685a5449335a4451344f4463325a4467774e7a4d694c434a30655841694f694a4b5631516966512e65794a7063334d694f694a6f64485277637a6f764c32466a59323931626e527a4c6d6476623264735a53356a623230694c434a68656e41694f6949344f4445314f5463324f4455324d7a4d74624842304e476472617a4a7063473930624770734e6e526c64585979636e4632616d686b5a58417861584575595842776379356e6232396e624756316332567959323975644756756443356a623230694c434a68645751694f6949344f4445314f5463324f4455324d7a4d74624842304e476472617a4a7063473930624770734e6e526c64585979636e4632616d686b5a58417861584575595842776379356e6232396e624756316332567959323975644756756443356a623230694c434a7a645749694f6949784d4467344d7a4d304e6a51784d5459354e6a6b304e6a59794f5467694c434a6c6257467062434936496e646c596935696558526c5a476c6e61577868596e4e415a3231686157777559323974496977695a57316861577866646d567961575a705a5751694f6e527964575573496d463058326868633267694f694a5051564a6a56316c52623364314e6e4656576e705762466c534f574a4249697769626d46745a534936496b4a356447556752476c6e61577868596e4d694c434a7761574e3064584a6c496a6f696148523063484d364c79397361444d755a3239765a32786c64584e6c636d4e76626e526c626e5175593239744c3245744c30465061444530523268685346467256577466537a4669656b4e75536d68685348564562555a4e647a46586244453155446c5a617a6849516d6b3450584d354e69316a496977695a326c325a573566626d46745a534936496b4a35644755694c434a6d5957317062486c66626d46745a534936496b52705a326c7359574a7a496977696247396a5957786c496a6f695a573474523049694c434a70595851694f6a45314f5463314f5467334d6a4d73496d5634634349364d5455354e7a59774d6a4d794d33302e62423747776c62717759676f7933324d567a50444b757850314237384336655543384c43584b3739656232314144733554626650766f494c3679797449386e764c3846395662452d43775f372d317635386850377953323943644155544d363375644b37474b4d374b6d78486747546f78435450514b4e4b4c32596e556c42507361517a3876316e484a4b396a7346626c6f66366c674a426c6f4d634d4b64545367614378543076624274706f576b616b66444335574942546653496d737a504b4846564a703864695f686c52736d7a4561504f66706877546b776e71714e467a33306c45524e6969716d4e47794c4b6d6b54353231515670764b7033724574627153754f514f4d415966384a45506a6e344b357a4b6769417042766d6c653853315a56734a4972635747465067467371694e6c4b31554676586b5a54433266765a4334634642764f353173646b38716d4a70775651223b733a373a2263726561746564223b693a313539373539383732333b7d);

-- --------------------------------------------------------

--
-- Table structure for table `comment`
--

CREATE TABLE `comment` (
  `id` int UNSIGNED NOT NULL,
  `body` longtext CHARACTER SET utf8 COLLATE utf8_unicode_ci,
  `user_id` int DEFAULT NULL,
  `commentable_id` int DEFAULT NULL,
  `commentable_type` varchar(50) CHARACTER SET utf8 COLLATE utf8_unicode_ci DEFAULT NULL,
  `date_added` int DEFAULT NULL,
  `last_modified` int DEFAULT NULL
) ENGINE=InnoDB DEFAULT CHARSET=utf8 COLLATE=utf8_unicode_ci;

-- --------------------------------------------------------

--
-- Table structure for table `course`
--

CREATE TABLE `course` (
  `id` int UNSIGNED NOT NULL,
  `title` varchar(255) CHARACTER SET utf8 COLLATE utf8_unicode_ci DEFAULT NULL,
  `short_description` longtext CHARACTER SET utf8 COLLATE utf8_unicode_ci,
  `description` longtext CHARACTER SET utf8 COLLATE utf8_unicode_ci,
  `outcomes` longtext CHARACTER SET utf8 COLLATE utf8_unicode_ci,
  `language` varchar(255) CHARACTER SET utf8 COLLATE utf8_unicode_ci DEFAULT NULL,
  `category_id` int DEFAULT NULL,
  `sub_category_id` int DEFAULT NULL,
  `section` longtext CHARACTER SET utf8 COLLATE utf8_unicode_ci,
  `requirements` longtext CHARACTER SET utf8 COLLATE utf8_unicode_ci,
  `price` double DEFAULT NULL,
  `discount_flag` int DEFAULT '0',
  `discounted_price` int DEFAULT NULL,
  `level` varchar(50) CHARACTER SET utf8 COLLATE utf8_unicode_ci DEFAULT NULL,
  `user_id` int DEFAULT NULL,
  `thumbnail` varchar(255) CHARACTER SET utf8 COLLATE utf8_unicode_ci DEFAULT NULL,
  `video_url` varchar(255) CHARACTER SET utf8 COLLATE utf8_unicode_ci DEFAULT NULL,
  `date_added` int DEFAULT NULL,
  `last_modified` int DEFAULT NULL,
  `visibility` int DEFAULT NULL,
  `is_top_course` int DEFAULT '0',
  `is_admin` int DEFAULT NULL,
  `status` varchar(255) CHARACTER SET utf8 COLLATE utf8_unicode_ci DEFAULT NULL,
  `course_overview_provider` varchar(255) CHARACTER SET utf8 COLLATE utf8_unicode_ci DEFAULT NULL,
  `meta_keywords` longtext CHARACTER SET utf8 COLLATE utf8_unicode_ci,
  `meta_description` longtext CHARACTER SET utf8 COLLATE utf8_unicode_ci,
  `is_free_course` int DEFAULT NULL,
  `sponsor_name` varchar(255) CHARACTER SET utf8 COLLATE utf8_unicode_ci DEFAULT NULL,
  `sponsor_logo` varchar(255) CHARACTER SET utf8 COLLATE utf8_unicode_ci DEFAULT NULL
) ENGINE=InnoDB DEFAULT CHARSET=utf8 COLLATE=utf8_unicode_ci;

--
-- Dumping data for table `course`
--

INSERT INTO `course` (`id`, `title`, `short_description`, `description`, `outcomes`, `language`, `category_id`, `sub_category_id`, `section`, `requirements`, `price`, `discount_flag`, `discounted_price`, `level`, `user_id`, `thumbnail`, `video_url`, `date_added`, `last_modified`, `visibility`, `is_top_course`, `is_admin`, `status`, `course_overview_provider`, `meta_keywords`, `meta_description`, `is_free_course`, `sponsor_name`, `sponsor_logo`) VALUES
(1, 'Become A Chemistry 1 Master - Basic Principles Of Chemistry', 'A comprehensive course in basic fundamental concepts of Chemistry covering everything for future exams in Chemistry.', '<p class=\"MsoNormal\" xss=\"removed\"><b>What you\'ll learn</b></p><p class=\"MsoNormal\" xss=\"removed\"><b><br></b></p><p class=\"MsoNormal\" xss=\"removed\"><b>·         Know exactly what is Matter, Element and Compound.</b></p><p class=\"MsoNormal\" xss=\"removed\"><b>·         Learn the scientific methods and type of Mixtures.</b></p><p class=\"MsoNormal\" xss=\"removed\"><b>·         Know the Three State of Maters and Units of Measurements.</b></p><p class=\"MsoNormal\" xss=\"removed\"><b>·         Calculate Scientific Notation and Significant Figures.</b></p><p class=\"MsoNormal\" xss=\"removed\"><b>·         Determine if the results you obtained are Accurate and Precise.</b></p><p class=\"MsoNormal\" xss=\"removed\"><b>·         Understand the Units and Dimensional Analysis.</b></p><p class=\"MsoNormal\" xss=\"removed\"><b>·         Understand the Atomic Theory and Models of the Atom.</b></p><p class=\"MsoNormal\" xss=\"removed\"><b>·         know the Law of Conservation and law of Multiple Proportions.</b></p><p class=\"MsoNormal\" xss=\"removed\"><b>·         Learn Atomic Mass, Mass Number and Isotopes.</b></p><p class=\"MsoNormal\" xss=\"removed\"><b>·         Know how elements are organized in the Periodic Table.</b></p><p class=\"MsoNormal\" xss=\"removed\"><b>·         Learn how to name the Ionic Compounds.</b></p><p class=\"MsoNormal\" xss=\"removed\"><b>·         Know how to write Chemical equations.</b></p><p class=\"MsoNormal\" xss=\"removed\"><b>·         Learn how to make a Chemical Balance.</b></p><p class=\"MsoNormal\" xss=\"removed\"><b>·         Understand The Mole Concept.</b></p><p class=\"MsoNormal\" xss=\"removed\"><b>·         Be able to do Mole calculations successfully.</b></p><p class=\"MsoNormal\" xss=\"removed\"><b>·         Learn determination of Chemical formulas.</b></p><p class=\"MsoNormal\" xss=\"removed\"><b>·         Understand the Stiochiometry.</b></p><p class=\"MsoNormal\" xss=\"removed\"><b>·         To calculate the Limiting Reactant and the Yield of the reaction.</b></p><p class=\"MsoNormal\" xss=\"removed\"><b>·         Study all the Solubility Rules</b></p><p class=\"MsoNormal\" xss=\"removed\"><b>·         Understand the Electrolyte and Non-Electrolyte solutions</b></p><p class=\"MsoNormal\" xss=\"removed\"><b>·         Know all the Types of Chemical Reactions</b></p><p class=\"MsoNormal\" xss=\"removed\"><b>·         Be able to do Calculations on Molar Concentration and Dilution Analysis</b></p><p class=\"MsoNormal\" xss=\"removed\"><b>·         Understand the Gravimetric Analysis and the Titration</b></p><p class=\"MsoNormal\" xss=\"removed\"><b>·         Understand Boyle’s Law, Charles’s Law, Gay-Lussac’s Law, Avogadro’s Law, Combined Gas Law, The Ideal Gas Law, Real Gases, Gas Density and Gas Stoichiometry.</b></p><p class=\"MsoNormal\" xss=\"removed\"><b>·         You will understand Thermochemistry the study of heat change in chemical reactions.</b></p><p class=\"MsoNormal\" xss=\"removed\"><b>·         You will be able to distinguish between Exothermic & Endothermic reactions.</b></p><p class=\"MsoNormal\" xss=\"removed\"><b>·         You will learn Enthalpy and the First Law of Thermodynamics.</b></p><p class=\"MsoNormal\" xss=\"removed\"><b>·         You will be able to calculate Heat Capacity (C) for any element.</b></p><p class=\"MsoNormal\" xss=\"removed\"><b>·         Learn how to calculate standard enthalpy of reaction (ΔH0) for any chemical reaction.</b></p><p class=\"MsoNormal\" xss=\"removed\"><b>·         You will understand the Properties of Waves.</b></p><p class=\"MsoNormal\" xss=\"removed\"><b>·         You will know how Bohr’s Model of the Atom works.</b></p><p class=\"MsoNormal\" xss=\"removed\"><b>·         Understand Schrodinger Wave Equation.</b></p><p class=\"MsoNormal\" xss=\"removed\"><b>·         Be able to find the four quantum numbers in Schrodinger Equation.</b></p><p class=\"MsoNormal\" xss=\"removed\"><b>·         You will be bale to write the Electron configuration for any element.</b></p><p class=\"MsoNormal\" xss=\"removed\"><b>·         Understand the Ground State Electron Configurations and Classification of Elements.</b></p><p class=\"MsoNormal\" xss=\"removed\"><b>·         know the Electron Configurations of Cations and Anions.</b></p><p class=\"MsoNormal\" xss=\"removed\"><b>·         You will learn The Atomic Radius, The Ionization Energy, Effective nuclear charge (Zeff) and The Electron Affinity.</b></p><p class=\"MsoNormal\" xss=\"removed\"><b>·         You will be able to understand Groups Elements Properties.</b></p><p class=\"MsoNormal\" xss=\"removed\"><b>·         You will be able to understand the difference between ionic bond and covalent bond.</b></p><p class=\"MsoNormal\" xss=\"removed\"><b>·         You will understand electronegativity and formal charge.</b></p><p class=\"MsoNormal\" xss=\"removed\"><b>·         You will be able to write Lewis structure.</b></p><p class=\"MsoNormal\" xss=\"removed\"><b>·         You will understand the VSEPR theory.</b></p><p class=\"MsoNormal\" xss=\"removed\"><b>·         You will understand the Hybridization.</b></p>', '[\"Know exactly what is Matter, Element and Compound.\",\"Know the Three State of Maters and Units of Measurements.\"]', 'english', 1, 4, '[1,2,3]', '[\"There are no essential course requirements, just a desire to learn more about Chemistry and a willingness to make the necessary effort.\",\"This course is very simple and no need for any techniques to be understood.\"]', 0, NULL, 0, 'beginner', 3, NULL, '', 1595376000, 1595376000, NULL, 1, 0, 'active', '', '', 'Learn Chemistry today: find your Chemistry online course', 1, NULL, NULL),
(13, 'New Project Demo', 'Desc', '<p>Check<br></p>', '[]', 'english', 1, 4, '[]', '[]', 0, NULL, 0, 'beginner', 1, NULL, '', 1595973600, NULL, NULL, NULL, 1, 'active', '', '', '', 1, NULL, NULL),
(14, 'Instructor 1 Project', 'Desc', '<p>Desc<br></p>', '[]', 'english', 1, 4, '[5]', '[]', 0, NULL, 0, 'beginner', 3, NULL, '', 1595973600, 1597363200, NULL, 0, 0, 'active', '', '', '', 1, '', NULL),
(15, 'iuhbkuhbk', 'nuli', 'uunilunj', '[\"sda\"]', 'english', 1, 4, '[]', '[\"sdfsd\"]', 100, NULL, 0, 'advanced', 3, NULL, '', 1596146400, NULL, NULL, NULL, 0, 'pending', '', '', '', NULL, NULL, NULL),
(16, 'sdfsd', '', '', '[]', 'english', 2, 6, '[]', '[]', 0, NULL, 0, 'beginner', 3, NULL, 'New', 1596232800, 1596232800, NULL, 0, 0, 'pending', 'youtube', '', '', NULL, 'New', 'New_13.jpg'),
(17, 'Mentor&#039;s New Project', 'Mentor\'s New Project Short Description', '<h4>Mentor\'s New Project Long Description</h4>', '[\"My 1 Outcome\",\"My 2 Outcome\"]', 'english', 1, 4, '[]', '[\"My 1 R\",\"My 2 R\"]', 10, NULL, 0, 'beginner', 17, NULL, '', 1597017600, NULL, NULL, NULL, 0, 'pending', '', '', '', NULL, NULL, '');

-- --------------------------------------------------------

--
-- Table structure for table `currency`
--

CREATE TABLE `currency` (
  `id` int NOT NULL,
  `name` varchar(255) DEFAULT NULL,
  `code` varchar(255) DEFAULT NULL,
  `symbol` varchar(255) DEFAULT NULL,
  `paypal_supported` int DEFAULT NULL,
  `stripe_supported` int DEFAULT NULL
) ENGINE=InnoDB DEFAULT CHARSET=utf8;

--
-- Dumping data for table `currency`
--

INSERT INTO `currency` (`id`, `name`, `code`, `symbol`, `paypal_supported`, `stripe_supported`) VALUES
(1, 'Leke', 'ALL', 'Lek', 0, 1),
(2, 'Dollars', 'USD', '$', 1, 1),
(3, 'Afghanis', 'AFN', '؋', 0, 1),
(4, 'Pesos', 'ARS', '$', 0, 1),
(5, 'Guilders', 'AWG', 'ƒ', 0, 1),
(6, 'Dollars', 'AUD', '$', 1, 1),
(7, 'New Manats', 'AZN', 'ман', 0, 1),
(8, 'Dollars', 'BSD', '$', 0, 1),
(9, 'Dollars', 'BBD', '$', 0, 1),
(10, 'Rubles', 'BYR', 'p.', 0, 0),
(11, 'Euro', 'EUR', '€', 1, 1),
(12, 'Dollars', 'BZD', 'BZ$', 0, 1),
(13, 'Dollars', 'BMD', '$', 0, 1),
(14, 'Bolivianos', 'BOB', '$b', 0, 1),
(15, 'Convertible Marka', 'BAM', 'KM', 0, 1),
(16, 'Pula', 'BWP', 'P', 0, 1),
(17, 'Leva', 'BGN', 'лв', 0, 1),
(18, 'Reais', 'BRL', 'R$', 1, 1),
(19, 'Pounds', 'GBP', '£', 1, 1),
(20, 'Dollars', 'BND', '$', 0, 1),
(21, 'Riels', 'KHR', '៛', 0, 1),
(22, 'Dollars', 'CAD', '$', 1, 1),
(23, 'Dollars', 'KYD', '$', 0, 1),
(24, 'Pesos', 'CLP', '$', 0, 1),
(25, 'Yuan Renminbi', 'CNY', '¥', 0, 1),
(26, 'Pesos', 'COP', '$', 0, 1),
(27, 'Colón', 'CRC', '₡', 0, 1),
(28, 'Kuna', 'HRK', 'kn', 0, 1),
(29, 'Pesos', 'CUP', '₱', 0, 0),
(30, 'Koruny', 'CZK', 'Kč', 1, 1),
(31, 'Kroner', 'DKK', 'kr', 1, 1),
(32, 'Pesos', 'DOP ', 'RD$', 0, 1),
(33, 'Dollars', 'XCD', '$', 0, 1),
(34, 'Pounds', 'EGP', '£', 0, 1),
(35, 'Colones', 'SVC', '$', 0, 0),
(36, 'Pounds', 'FKP', '£', 0, 1),
(37, 'Dollars', 'FJD', '$', 0, 1),
(38, 'Cedis', 'GHC', '¢', 0, 0),
(39, 'Pounds', 'GIP', '£', 0, 1),
(40, 'Quetzales', 'GTQ', 'Q', 0, 1),
(41, 'Pounds', 'GGP', '£', 0, 0),
(42, 'Dollars', 'GYD', '$', 0, 1),
(43, 'Lempiras', 'HNL', 'L', 0, 1),
(44, 'Dollars', 'HKD', '$', 1, 1),
(45, 'Forint', 'HUF', 'Ft', 1, 1),
(46, 'Kronur', 'ISK', 'kr', 0, 1),
(47, 'Rupees', 'INR', 'Rp', 1, 1),
(48, 'Rupiahs', 'IDR', 'Rp', 0, 1),
(49, 'Rials', 'IRR', '﷼', 0, 0),
(50, 'Pounds', 'IMP', '£', 0, 0),
(51, 'New Shekels', 'ILS', '₪', 1, 1),
(52, 'Dollars', 'JMD', 'J$', 0, 1),
(53, 'Yen', 'JPY', '¥', 1, 1),
(54, 'Pounds', 'JEP', '£', 0, 0),
(55, 'Tenge', 'KZT', 'лв', 0, 1),
(56, 'Won', 'KPW', '₩', 0, 0),
(57, 'Won', 'KRW', '₩', 0, 1),
(58, 'Soms', 'KGS', 'лв', 0, 1),
(59, 'Kips', 'LAK', '₭', 0, 1),
(60, 'Lati', 'LVL', 'Ls', 0, 0),
(61, 'Pounds', 'LBP', '£', 0, 1),
(62, 'Dollars', 'LRD', '$', 0, 1),
(63, 'Switzerland Francs', 'CHF', 'CHF', 1, 1),
(64, 'Litai', 'LTL', 'Lt', 0, 0),
(65, 'Denars', 'MKD', 'ден', 0, 1),
(66, 'Ringgits', 'MYR', 'RM', 1, 1),
(67, 'Rupees', 'MUR', '₨', 0, 1),
(68, 'Pesos', 'MXN', '$', 1, 1),
(69, 'Tugriks', 'MNT', '₮', 0, 1),
(70, 'Meticais', 'MZN', 'MT', 0, 1),
(71, 'Dollars', 'NAD', '$', 0, 1),
(72, 'Rupees', 'NPR', '₨', 0, 1),
(73, 'Guilders', 'ANG', 'ƒ', 0, 1),
(74, 'Dollars', 'NZD', '$', 1, 1),
(75, 'Cordobas', 'NIO', 'C$', 0, 1),
(76, 'Nairas', 'NGN', '₦', 0, 1),
(77, 'Krone', 'NOK', 'kr', 1, 1),
(78, 'Rials', 'OMR', '﷼', 0, 0),
(79, 'Rupees', 'PKR', '₨', 0, 1),
(80, 'Balboa', 'PAB', 'B/.', 0, 1),
(81, 'Guarani', 'PYG', 'Gs', 0, 1),
(82, 'Nuevos Soles', 'PEN', 'S/.', 0, 1),
(83, 'Pesos', 'PHP', 'Php', 1, 1),
(84, 'Zlotych', 'PLN', 'zł', 1, 1),
(85, 'Rials', 'QAR', '﷼', 0, 1),
(86, 'New Lei', 'RON', 'lei', 0, 1),
(87, 'Rubles', 'RUB', 'руб', 1, 1),
(88, 'Pounds', 'SHP', '£', 0, 1),
(89, 'Riyals', 'SAR', '﷼', 0, 1),
(90, 'Dinars', 'RSD', 'Дин.', 0, 1),
(91, 'Rupees', 'SCR', '₨', 0, 1),
(92, 'Dollars', 'SGD', '$', 1, 1),
(93, 'Dollars', 'SBD', '$', 0, 1),
(94, 'Shillings', 'SOS', 'S', 0, 1),
(95, 'Rand', 'ZAR', 'R', 0, 1),
(96, 'Rupees', 'LKR', '₨', 0, 1),
(97, 'Kronor', 'SEK', 'kr', 1, 1),
(98, 'Dollars', 'SRD', '$', 0, 1),
(99, 'Pounds', 'SYP', '£', 0, 0),
(100, 'New Dollars', 'TWD', 'NT$', 1, 1),
(101, 'Baht', 'THB', '฿', 1, 1),
(102, 'Dollars', 'TTD', 'TT$', 0, 1),
(103, 'Lira', 'TRY', 'TL', 0, 1),
(104, 'Liras', 'TRL', '£', 0, 0),
(105, 'Dollars', 'TVD', '$', 0, 0),
(106, 'Hryvnia', 'UAH', '₴', 0, 1),
(107, 'Pesos', 'UYU', '$U', 0, 1),
(108, 'Sums', 'UZS', 'лв', 0, 1),
(109, 'Bolivares Fuertes', 'VEF', 'Bs', 0, 0),
(110, 'Dong', 'VND', '₫', 0, 1),
(111, 'Rials', 'YER', '﷼', 0, 1),
(112, 'Zimbabwe Dollars', 'ZWD', 'Z$', 0, 0);

-- --------------------------------------------------------

--
-- Table structure for table `enrol`
--

CREATE TABLE `enrol` (
  `id` int UNSIGNED NOT NULL,
  `user_id` int DEFAULT NULL,
  `course_id` int DEFAULT NULL,
  `date_added` int DEFAULT NULL,
  `last_modified` int DEFAULT NULL
) ENGINE=InnoDB DEFAULT CHARSET=utf8 COLLATE=utf8_unicode_ci;

--
-- Dumping data for table `enrol`
--

INSERT INTO `enrol` (`id`, `user_id`, `course_id`, `date_added`, `last_modified`) VALUES
(5, 5, 13, 1595973600, NULL),
(6, 2, 14, 1595973600, NULL),
(7, 2, 1, 1596672000, NULL),
(8, 12, 1, 1596672000, NULL),
(9, 17, 1, 1597363200, NULL),
(10, 24, 1, 1597363200, NULL),
(11, 24, 14, 1597363200, NULL);

-- --------------------------------------------------------

--
-- Table structure for table `frontend_settings`
--

CREATE TABLE `frontend_settings` (
  `id` int UNSIGNED NOT NULL,
  `key` varchar(255) CHARACTER SET utf8 COLLATE utf8_unicode_ci DEFAULT NULL,
  `value` longtext CHARACTER SET utf8 COLLATE utf8_unicode_ci
) ENGINE=InnoDB DEFAULT CHARSET=utf8 COLLATE=utf8_unicode_ci;

--
-- Dumping data for table `frontend_settings`
--

INSERT INTO `frontend_settings` (`id`, `key`, `value`) VALUES
(1, 'banner_title', 'Learn on your schedule'),
(2, 'banner_sub_title', 'Study any topic, anytime. Explore thousands of courses for the lowest price ever!'),
(4, 'about_us', '<p></p><h2><span xss=removed>This is about us</span></h2><p><span xss=\"removed\">Welcome to Academy. It will help you to learn in a new ways</span></p>'),
(10, 'terms_and_condition', '<h2>Terms and Condition</h2>This is the Terms and condition page for your companys'),
(11, 'privacy_policy', '<p></p><p></p><h2><span xss=\"removed\">Privacy Policy</span><br></h2>This is the Privacy Policy page for your companys<p></p><p><b>This is another</b> <u><a href=\"https://youtube.com/watch?v=PHgc8Q6qTjc\" target=\"_blank\">thing you will</a></u> <span xss=\"removed\">not understand</span>.</p>'),
(13, 'theme', 'default'),
(14, 'cookie_note', 'This website uses cookies to personalize content and analyse traffic in order to offer you a better experience.'),
(15, 'cookie_status', 'active'),
(16, 'cookie_policy', '<h1>Cookie policy</h1><ol><li>Cookies are small text files that can be used by websites to make a user\'s experience more efficient.</li><li>The law states that we can store cookies on your device if they are strictly necessary for the operation of this site. For all other types of cookies we need your permission.</li><li>This site uses different types of cookies. Some cookies are placed by third party services that appear on our pages.</li></ol>');

-- --------------------------------------------------------

--
-- Table structure for table `group_member`
--

CREATE TABLE `group_member` (
  `id` int NOT NULL,
  `group_thread_code` varchar(100) COLLATE utf8mb4_general_ci NOT NULL,
  `member_id` varchar(100) COLLATE utf8mb4_general_ci NOT NULL,
  `date_created` datetime NOT NULL
) ENGINE=InnoDB DEFAULT CHARSET=utf8mb4 COLLATE=utf8mb4_general_ci;

--
-- Dumping data for table `group_member`
--

INSERT INTO `group_member` (`id`, `group_thread_code`, `member_id`, `date_created`) VALUES
(1, '716f5311f70443e', '6', '0000-00-00 00:00:00'),
(2, '716f5311f70443e', '14', '0000-00-00 00:00:00'),
(3, '716f5311f70443e', '17', '0000-00-00 00:00:00'),
(4, '716f5311f70443e', '12', '0000-00-00 00:00:00');

-- --------------------------------------------------------

--
-- Table structure for table `language`
--

CREATE TABLE `language` (
  `phrase_id` int NOT NULL,
  `phrase` longtext CHARACTER SET utf8 COLLATE utf8_unicode_ci,
  `english` longtext CHARACTER SET utf8 COLLATE utf8_unicode_ci,
  `Bengali` longtext CHARACTER SET utf8 COLLATE utf8_unicode_ci
) ENGINE=MyISAM DEFAULT CHARSET=utf8 COLLATE=utf8_unicode_ci;

--
-- Dumping data for table `language`
--

INSERT INTO `language` (`phrase_id`, `phrase`, `english`, `Bengali`) VALUES
(1, 'manage_profile', NULL, NULL),
(3, 'dashboard', NULL, NULL),
(4, 'categories', NULL, NULL),
(5, 'courses', NULL, NULL),
(6, 'students', NULL, NULL),
(7, 'enroll_history', NULL, NULL),
(8, 'message', NULL, NULL),
(9, 'settings', NULL, NULL),
(10, 'system_settings', NULL, NULL),
(11, 'frontend_settings', NULL, NULL),
(12, 'payment_settings', NULL, NULL),
(13, 'manage_language', NULL, NULL),
(14, 'edit_profile', NULL, NULL),
(15, 'log_out', NULL, NULL),
(16, 'first_name', NULL, NULL),
(17, 'last_name', NULL, NULL),
(18, 'email', NULL, NULL),
(19, 'facebook_link', NULL, NULL),
(20, 'twitter_link', NULL, NULL),
(21, 'linkedin_link', NULL, NULL),
(22, 'a_short_title_about_yourself', NULL, NULL),
(23, 'biography', NULL, NULL),
(24, 'photo', NULL, NULL),
(25, 'select_image', NULL, NULL),
(26, 'change', NULL, NULL),
(27, 'remove', NULL, NULL),
(28, 'update_profile', NULL, NULL),
(29, 'change_password', NULL, NULL),
(30, 'current_password', NULL, NULL),
(31, 'new_password', NULL, NULL),
(32, 'confirm_new_password', NULL, NULL),
(33, 'delete', NULL, NULL),
(34, 'cancel', NULL, NULL),
(35, 'are_you_sure_to_update_this_information', NULL, NULL),
(36, 'yes', NULL, NULL),
(37, 'no', NULL, NULL),
(38, 'system settings', NULL, NULL),
(39, 'system_name', NULL, NULL),
(40, 'system_title', NULL, NULL),
(41, 'slogan', NULL, NULL),
(42, 'system_email', NULL, NULL),
(43, 'address', NULL, NULL),
(44, 'phone', NULL, NULL),
(45, 'youtube_api_key', NULL, NULL),
(46, 'get_youtube_api_key', NULL, NULL),
(47, 'vimeo_api_key', NULL, NULL),
(48, 'purchase_code', NULL, NULL),
(49, 'language', NULL, NULL),
(50, 'text-align', NULL, NULL),
(51, 'update_system_settings', NULL, NULL),
(52, 'update_product', NULL, NULL),
(53, 'file', NULL, NULL),
(54, 'install_update', NULL, NULL),
(55, 'system_logo', NULL, NULL),
(56, 'update_logo', NULL, NULL),
(57, 'get_vimeo_api_key', NULL, NULL),
(58, 'add_category', NULL, NULL),
(59, 'category_title', NULL, NULL),
(60, 'sub_categories', NULL, NULL),
(61, 'actions', NULL, NULL),
(62, 'action', NULL, NULL),
(63, 'manage_sub_categories', NULL, NULL),
(64, 'edit', NULL, NULL),
(65, 'add_course', NULL, NULL),
(66, 'select_category', NULL, NULL),
(67, 'title', NULL, NULL),
(68, 'category', NULL, NULL),
(69, '#_section', NULL, NULL),
(70, '#_lesson', NULL, NULL),
(71, '#_enrolled_user', NULL, NULL),
(72, 'view_course_details', NULL, NULL),
(73, 'manage_section', NULL, NULL),
(74, 'manage_lesson', NULL, NULL),
(75, 'student', NULL, NULL),
(76, 'add_student', NULL, NULL),
(77, 'name', NULL, NULL),
(78, 'date_added', NULL, NULL),
(79, 'enrolled_courses', NULL, NULL),
(80, 'view_profile', NULL, NULL),
(81, 'admin_dashboard', NULL, NULL),
(82, 'total_courses', NULL, NULL),
(83, 'number_of_courses', NULL, NULL),
(84, 'total_lessons', NULL, NULL),
(85, 'number_of_lessons', NULL, NULL),
(86, 'total_enrollment', NULL, NULL),
(87, 'number_of_enrollment', NULL, NULL),
(88, 'total_student', NULL, NULL),
(89, 'number_of_student', NULL, NULL),
(90, 'manage_sections', NULL, NULL),
(91, 'manage sections', NULL, NULL),
(92, 'course', NULL, NULL),
(93, 'add_section', NULL, NULL),
(94, 'lessons', NULL, NULL),
(95, 'serialize_sections', NULL, NULL),
(96, 'add_lesson', NULL, NULL),
(97, 'edit_section', NULL, NULL),
(98, 'delete_section', NULL, NULL),
(99, 'course_details', NULL, NULL),
(100, 'course details', NULL, NULL),
(101, 'details', NULL, NULL),
(102, 'instructor', NULL, NULL),
(103, 'sub_category', NULL, NULL),
(104, 'enrolled_user', NULL, NULL),
(105, 'last_modified', NULL, NULL),
(106, 'manage language', NULL, NULL),
(107, 'language_list', NULL, NULL),
(108, 'add_phrase', NULL, NULL),
(109, 'add_language', NULL, NULL),
(110, 'option', NULL, NULL),
(111, 'edit_phrase', NULL, NULL),
(112, 'delete_language', NULL, NULL),
(113, 'phrase', NULL, NULL),
(114, 'value_required', NULL, NULL),
(115, 'frontend settings', NULL, NULL),
(116, 'banner_title', NULL, NULL),
(117, 'banner_sub_title', NULL, NULL),
(118, 'about_us', NULL, NULL),
(119, 'blog', NULL, NULL),
(120, 'update_frontend_settings', NULL, NULL),
(121, 'update_banner', NULL, NULL),
(122, 'banner_image', NULL, NULL),
(123, 'update_banner_image', NULL, NULL),
(124, 'payment settings', NULL, NULL),
(125, 'paypal_settings', NULL, NULL),
(126, 'client_id', NULL, NULL),
(127, 'sandbox', NULL, NULL),
(128, 'production', NULL, NULL),
(129, 'active', NULL, NULL),
(130, 'mode', NULL, NULL),
(131, 'stripe_settings', NULL, NULL),
(132, 'testmode', NULL, NULL),
(133, 'on', NULL, NULL),
(134, 'off', NULL, NULL),
(135, 'test_secret_key', NULL, NULL),
(136, 'test_public_key', NULL, NULL),
(137, 'live_secret_key', NULL, NULL),
(138, 'live_public_key', NULL, NULL),
(139, 'save_changes', NULL, NULL),
(140, 'category_code', NULL, NULL),
(141, 'update_phrase', NULL, NULL),
(142, 'check', NULL, NULL),
(143, 'settings_updated', NULL, NULL),
(144, 'checking', NULL, NULL),
(145, 'phrase_added', NULL, NULL),
(146, 'language_added', NULL, NULL),
(147, 'language_deleted', NULL, NULL),
(148, 'add course', NULL, NULL),
(149, 'add_courses', NULL, NULL),
(150, 'add_course_form', NULL, NULL),
(151, 'basic_info', NULL, NULL),
(152, 'short_description', NULL, NULL),
(153, 'description', NULL, NULL),
(154, 'level', NULL, NULL),
(155, 'beginner', NULL, NULL),
(156, 'advanced', NULL, NULL),
(157, 'intermediate', NULL, NULL),
(158, 'language_made_in', NULL, NULL),
(159, 'is_top_course', NULL, NULL),
(160, 'outcomes', NULL, NULL),
(161, 'category_and_sub_category', NULL, NULL),
(162, 'select_a_category', NULL, NULL),
(163, 'select_a_category_first', NULL, NULL),
(164, 'requirements', NULL, NULL),
(165, 'price_and_discount', NULL, NULL),
(166, 'price', NULL, NULL),
(167, 'has_discount', NULL, NULL),
(168, 'discounted_price', NULL, NULL),
(169, 'course_thumbnail', NULL, NULL),
(170, 'note', NULL, NULL),
(171, 'thumbnail_size_should_be_600_x_600', NULL, NULL),
(172, 'course_overview_url', NULL, NULL),
(173, '0%', NULL, NULL),
(174, 'manage profile', NULL, NULL),
(175, 'edit_course', NULL, NULL),
(176, 'edit course', NULL, NULL),
(177, 'edit_courses', NULL, NULL),
(178, 'edit_course_form', NULL, NULL),
(179, 'update_course', NULL, NULL),
(180, 'course_updated', NULL, NULL),
(181, 'number_of_sections', NULL, NULL),
(182, 'number_of_enrolled_users', NULL, NULL),
(183, 'add section', NULL, NULL),
(184, 'section', NULL, NULL),
(185, 'add_section_form', NULL, NULL),
(186, 'update', NULL, NULL),
(187, 'serialize_section', NULL, NULL),
(188, 'serialize section', NULL, NULL),
(189, 'submit', NULL, NULL),
(190, 'sections_have_been_serialized', NULL, NULL),
(191, 'select_course', NULL, NULL),
(192, 'search', NULL, NULL),
(193, 'thumbnail', NULL, NULL),
(194, 'duration', NULL, NULL),
(195, 'provider', NULL, NULL),
(196, 'add lesson', NULL, NULL),
(197, 'add_lesson_form', NULL, NULL),
(198, 'video_type', NULL, NULL),
(199, 'select_a_course', NULL, NULL),
(200, 'select_a_course_first', NULL, NULL),
(201, 'video_url', NULL, NULL),
(202, 'invalid_url', NULL, NULL),
(203, 'your_video_source_has_to_be_either_youtube_or_vimeo', NULL, NULL),
(204, 'for', NULL, NULL),
(205, 'of', NULL, NULL),
(206, 'edit_lesson', NULL, NULL),
(207, 'edit lesson', NULL, NULL),
(208, 'edit_lesson_form', NULL, NULL),
(209, 'login', NULL, NULL),
(210, 'password', NULL, NULL),
(211, 'forgot_password', NULL, NULL),
(212, 'back_to_website', NULL, NULL),
(213, 'send_mail', NULL, NULL),
(214, 'back_to_login', NULL, NULL),
(215, 'student_add', NULL, NULL),
(216, 'student add', NULL, NULL),
(217, 'add_students', NULL, NULL),
(218, 'student_add_form', NULL, NULL),
(219, 'login_credentials', NULL, NULL),
(220, 'social_information', NULL, NULL),
(221, 'facebook', NULL, NULL),
(222, 'twitter', NULL, NULL),
(223, 'linkedin', NULL, NULL),
(224, 'user_image', NULL, NULL),
(225, 'add_user', NULL, NULL),
(226, 'user_update_successfully', NULL, NULL),
(227, 'user_added_successfully', NULL, NULL),
(228, 'student_edit', NULL, NULL),
(229, 'student edit', NULL, NULL),
(230, 'edit_students', NULL, NULL),
(231, 'student_edit_form', NULL, NULL),
(232, 'update_user', NULL, NULL),
(233, 'enroll history', NULL, NULL),
(234, 'filter', NULL, NULL),
(235, 'user_name', NULL, NULL),
(236, 'enrolled_course', NULL, NULL),
(237, 'enrollment_date', NULL, NULL),
(238, 'biography2', NULL, NULL),
(239, 'home', NULL, NULL),
(240, 'search_for_courses', NULL, NULL),
(241, 'total', NULL, NULL),
(242, 'go_to_cart', NULL, NULL),
(243, 'your_cart_is_empty', NULL, NULL),
(244, 'log_in', NULL, NULL),
(245, 'sign_up', NULL, NULL),
(246, 'what_do_you_want_to_learn', NULL, NULL),
(247, 'online_courses', NULL, NULL),
(248, 'explore_a_variety_of_fresh_topics', NULL, NULL),
(249, 'expert_instruction', NULL, NULL),
(250, 'find_the_right_course_for_you', NULL, NULL),
(251, 'lifetime_access', NULL, NULL),
(252, 'learn_on_your_schedule', NULL, NULL),
(253, 'top_courses', NULL, NULL),
(254, 'last_updater', NULL, NULL),
(255, 'hours', NULL, NULL),
(256, 'add_to_cart', NULL, NULL),
(257, 'top', NULL, NULL),
(258, 'latest_courses', NULL, NULL),
(259, 'added_to_cart', NULL, NULL),
(260, 'admin', NULL, NULL),
(261, 'log_in_to_your_udemy_account', NULL, NULL),
(262, 'by_signing_up_you_agree_to_our', NULL, NULL),
(263, 'terms_of_use', NULL, NULL),
(264, 'and', NULL, NULL),
(265, 'privacy_policy', NULL, NULL),
(266, 'do_not_have_an_account', NULL, NULL),
(267, 'sign_up_and_start_learning', NULL, NULL),
(268, 'check_here_for_exciting_deals_and_personalized_course_recommendations', NULL, NULL),
(269, 'already_have_an_account', NULL, NULL),
(270, 'checkout', NULL, NULL),
(271, 'paypal', NULL, NULL),
(272, 'stripe', NULL, NULL),
(273, 'step', NULL, NULL),
(274, 'how_would_you_rate_this_course_overall', NULL, NULL),
(275, 'write_a_public_review', NULL, NULL),
(276, 'describe_your_experience_what_you_got_out_of_the_course_and_other_helpful_highlights', NULL, NULL),
(277, 'what_did_the_instructor_do_well_and_what_could_use_some_improvement', NULL, NULL),
(278, 'next', NULL, NULL),
(279, 'previous', NULL, NULL),
(280, 'publish', NULL, NULL),
(281, 'search_results', NULL, NULL),
(282, 'ratings', NULL, NULL),
(283, 'search_results_for', NULL, NULL),
(284, 'category_page', NULL, NULL),
(285, 'all', NULL, NULL),
(286, 'category_list', NULL, NULL),
(287, 'by', NULL, NULL),
(288, 'go_to_wishlist', NULL, NULL),
(289, 'hi', NULL, NULL),
(290, 'my_courses', NULL, NULL),
(291, 'my_wishlist', NULL, NULL),
(292, 'my_messages', NULL, NULL),
(293, 'purchase_history', NULL, NULL),
(294, 'user_profile', NULL, NULL),
(295, 'already_purchased', NULL, NULL),
(296, 'all_courses', NULL, NULL),
(297, 'wishlists', NULL, NULL),
(298, 'search_my_courses', NULL, NULL),
(299, 'students_enrolled', NULL, NULL),
(300, 'created_by', NULL, NULL),
(301, 'last_updated', NULL, NULL),
(302, 'what_will_i_learn', NULL, NULL),
(303, 'view_more', NULL, NULL),
(304, 'other_related_courses', NULL, NULL),
(305, 'updated', NULL, NULL),
(306, 'curriculum_for_this_course', NULL, NULL),
(307, 'about_the_instructor', NULL, NULL),
(308, 'reviews', NULL, NULL),
(309, 'student_feedback', NULL, NULL),
(310, 'average_rating', NULL, NULL),
(311, 'preview_this_course', NULL, NULL),
(312, 'includes', NULL, NULL),
(313, 'on_demand_videos', NULL, NULL),
(314, 'full_lifetime_access', NULL, NULL),
(315, 'access_on_mobile_and_tv', NULL, NULL),
(316, 'course_preview', NULL, NULL),
(317, 'instructor_page', NULL, NULL),
(318, 'buy_now', NULL, NULL),
(319, 'shopping_cart', NULL, NULL),
(320, 'courses_in_cart', NULL, NULL),
(321, 'student_name', NULL, NULL),
(322, 'amount_to_pay', NULL, NULL),
(323, 'payment_successfully_done', NULL, NULL),
(324, 'filter_by', NULL, NULL),
(325, 'instructors', NULL, NULL),
(326, 'reset', NULL, NULL),
(327, 'your', NULL, NULL),
(328, 'rating', NULL, NULL),
(329, 'course_detail', NULL, NULL),
(330, 'start_lesson', NULL, NULL),
(331, 'show_full_biography', NULL, NULL),
(332, 'terms_and_condition', NULL, NULL),
(333, 'about', NULL, NULL),
(334, 'terms_&_condition', NULL, NULL),
(335, 'sub categories', NULL, NULL),
(336, 'add_sub_category', NULL, NULL),
(337, 'sub_category_title', NULL, NULL),
(338, 'add sub category', NULL, NULL),
(339, 'add_sub_category_form', NULL, NULL),
(340, 'sub_category_code', NULL, NULL),
(341, 'data_deleted', NULL, NULL),
(342, 'edit_category', NULL, NULL),
(343, 'edit category', NULL, NULL),
(344, 'edit_category_form', NULL, NULL),
(345, 'font', NULL, NULL),
(346, 'awesome class', NULL, NULL),
(347, 'update_category', NULL, NULL),
(348, 'data_updated_successfully', NULL, NULL),
(349, 'edit_sub_category', NULL, NULL),
(350, 'edit sub category', NULL, NULL),
(351, 'sub_category_edit', NULL, NULL),
(352, 'update_sub_category', NULL, NULL),
(353, 'course_added', NULL, NULL),
(354, 'user_deleted_successfully', NULL, NULL),
(355, 'private_messaging', NULL, NULL),
(356, 'private messaging', NULL, NULL),
(357, 'messages', NULL, NULL),
(358, 'select_message_to_read', NULL, NULL),
(359, 'new_message', NULL, NULL),
(360, 'email_duplication', NULL, NULL),
(361, 'your_registration_has_been_successfully_done', NULL, NULL),
(362, 'profile', NULL, NULL),
(363, 'account', NULL, NULL),
(364, 'add_information_about_yourself_to_share_on_your_profile', NULL, NULL),
(365, 'basics', NULL, NULL),
(366, 'add_your_twitter_link', NULL, NULL),
(367, 'add_your_facebook_link', NULL, NULL),
(368, 'add_your_linkedin_link', NULL, NULL),
(369, 'credentials', NULL, NULL),
(370, 'edit_your_account_settings', NULL, NULL),
(371, 'enter_current_password', NULL, NULL),
(372, 'enter_new_password', NULL, NULL),
(373, 're-type_your_password', NULL, NULL),
(374, 'save', NULL, NULL),
(375, 'update_user_photo', NULL, NULL),
(376, 'update_your_photo', NULL, NULL),
(377, 'upload_image', NULL, NULL),
(378, 'updated_successfully', NULL, NULL),
(379, 'invalid_login_credentials', NULL, NULL),
(380, 'blank_page', NULL, NULL),
(381, 'no_section_found', NULL, NULL),
(382, 'select_a_message_thread_to_read_it_here', NULL, NULL),
(383, 'send', NULL, NULL),
(384, 'type_your_message', NULL, NULL),
(385, 'date', NULL, NULL),
(386, 'total_price', NULL, NULL),
(387, 'payment_type', NULL, NULL),
(388, 'edit section', NULL, NULL),
(389, 'edit_section_form', NULL, NULL),
(390, 'reply_message', NULL, NULL),
(391, 'reply', NULL, NULL),
(392, 'log_in_to_your_account', NULL, NULL),
(393, 'no_result_found', NULL, NULL),
(394, 'enrollment', NULL, NULL),
(395, 'enroll_a_student', NULL, NULL),
(396, 'report', NULL, NULL),
(397, 'admin_revenue', NULL, NULL),
(398, 'instructor_revenue', NULL, NULL),
(399, 'instructor_settings', NULL, NULL),
(400, 'view_frontend', NULL, NULL),
(401, 'number_of_active_courses', NULL, NULL),
(402, 'number_of_pending_courses', NULL, NULL),
(403, 'all_instructor', NULL, NULL),
(404, 'active_courses', NULL, NULL),
(405, 'pending_courses', NULL, NULL),
(406, 'no_data_found', NULL, NULL),
(407, 'view_course_on_frontend', NULL, NULL),
(408, 'mark_as_pending', NULL, NULL),
(409, 'add category', NULL, NULL),
(410, 'add_categories', NULL, NULL),
(411, 'category_add_form', NULL, NULL),
(412, 'icon_picker', NULL, NULL),
(413, 'enroll a student', NULL, NULL),
(414, 'enrollment_form', NULL, NULL),
(415, 'admin revenue', NULL, NULL),
(416, 'total_amount', NULL, NULL),
(417, 'instructor revenue', NULL, NULL),
(418, 'status', NULL, NULL),
(419, 'instructor settings', NULL, NULL),
(420, 'allow_public_instructor', NULL, NULL),
(421, 'instructor_revenue_percentage', NULL, NULL),
(422, 'admin_revenue_percentage', NULL, NULL),
(423, 'update_instructor_settings', NULL, NULL),
(424, 'payment_info', NULL, NULL),
(425, 'required_for_instructors', NULL, NULL),
(426, 'paypal_client_id', NULL, NULL),
(427, 'stripe_public_key', NULL, NULL),
(428, 'stripe_secret_key', NULL, NULL),
(429, 'mark_as_active', NULL, NULL),
(430, 'mail_subject', NULL, NULL),
(431, 'mail_body', NULL, NULL),
(432, 'paid', NULL, NULL),
(433, 'pending', NULL, NULL),
(434, 'this_instructor_has_not_provided_valid_paypal_client_id', NULL, NULL),
(435, 'pay_with_paypal', NULL, NULL),
(436, 'this_instructor_has_not_provided_valid_public_key_or_secret_key', NULL, NULL),
(437, 'pay_with_stripe', NULL, NULL),
(438, 'create_course', NULL, NULL),
(439, 'payment_report', NULL, NULL),
(440, 'instructor_dashboard', NULL, NULL),
(441, 'draft', NULL, NULL),
(442, 'view_lessons', NULL, NULL),
(443, 'course_title', NULL, NULL),
(444, 'update_your_payment_settings', NULL, NULL),
(445, 'edit_course_detail', NULL, NULL),
(446, 'edit_basic_informations', NULL, NULL),
(447, 'publish_this_course', NULL, NULL),
(448, 'save_to_draft', NULL, NULL),
(449, 'update_section', NULL, NULL),
(450, 'analyzing_given_url', NULL, NULL),
(451, 'select_a_section', NULL, NULL),
(452, 'update_lesson', NULL, NULL),
(453, 'website_name', NULL, NULL),
(454, 'website_title', NULL, NULL),
(455, 'website_keywords', NULL, NULL),
(456, 'website_description', NULL, NULL),
(457, 'author', NULL, NULL),
(458, 'footer_text', NULL, NULL),
(459, 'footer_link', NULL, NULL),
(460, 'update_backend_logo', NULL, NULL),
(461, 'update_favicon', NULL, NULL),
(462, 'favicon', NULL, NULL),
(463, 'active courses', NULL, NULL),
(464, 'product_updated_successfully', NULL, NULL),
(465, 'course_overview_provider', NULL, NULL),
(466, 'youtube', NULL, NULL),
(467, 'vimeo', NULL, NULL),
(468, 'html5', NULL, NULL),
(469, 'meta_keywords', NULL, NULL),
(470, 'meta_description', NULL, NULL),
(471, 'lesson_type', NULL, NULL),
(472, 'video', NULL, NULL),
(473, 'select_type_of_lesson', NULL, NULL),
(474, 'text_file', NULL, NULL),
(475, 'pdf_file', NULL, NULL),
(476, 'document_file', NULL, NULL),
(477, 'image_file', NULL, NULL),
(478, 'lesson_provider', NULL, NULL),
(479, 'select_lesson_provider', NULL, NULL),
(480, 'analyzing_the_url', NULL, NULL),
(481, 'attachment', NULL, NULL),
(482, 'summary', NULL, NULL),
(483, 'download', NULL, NULL),
(484, 'system_settings_updated', NULL, NULL),
(485, 'course_updated_successfully', NULL, NULL),
(486, 'please_wait_untill_admin_approves_it', NULL, NULL),
(487, 'pending courses', NULL, NULL),
(488, 'course_status_updated', NULL, NULL),
(489, 'smtp_settings', NULL, NULL),
(490, 'free_course', NULL, NULL),
(491, 'free', NULL, NULL),
(492, 'get_enrolled', NULL, NULL),
(493, 'course_added_successfully', NULL, NULL),
(494, 'update_frontend_logo', NULL, NULL),
(495, 'system_currency_settings', NULL, NULL),
(496, 'select_system_currency', NULL, NULL),
(497, 'currency_position', NULL, NULL),
(498, 'left', NULL, NULL),
(499, 'right', NULL, NULL),
(500, 'left_with_a_space', NULL, NULL),
(501, 'right_with_a_space', NULL, NULL),
(502, 'paypal_currency', NULL, NULL),
(503, 'select_paypal_currency', NULL, NULL),
(504, 'stripe_currency', NULL, NULL),
(505, 'select_stripe_currency', NULL, NULL),
(506, 'heads_up', NULL, NULL),
(507, 'please_make_sure_that', NULL, NULL),
(508, 'system_currency', NULL, NULL),
(509, 'are_same', NULL, NULL),
(510, 'smtp settings', NULL, NULL),
(511, 'protocol', NULL, NULL),
(512, 'smtp_host', NULL, NULL),
(513, 'smtp_port', NULL, NULL),
(514, 'smtp_user', NULL, NULL),
(515, 'smtp_pass', NULL, NULL),
(516, 'update_smtp_settings', NULL, NULL),
(517, 'phrase_updated', NULL, NULL),
(518, 'registered_user', NULL, NULL),
(519, 'provide_your_valid_login_credentials', NULL, NULL),
(520, 'registration_form', NULL, NULL),
(521, 'provide_your_email_address_to_get_password', NULL, NULL),
(522, 'reset_password', NULL, NULL),
(523, 'want_to_go_back', NULL, NULL),
(524, 'message_sent!', NULL, NULL),
(525, 'selected_icon', NULL, NULL),
(526, 'pick_another_icon_picker', NULL, NULL),
(527, 'show_more', NULL, NULL),
(528, 'show_less', NULL, NULL),
(529, 'all_category', NULL, NULL),
(530, 'price_range', NULL, NULL),
(531, 'price_range_withing', NULL, NULL),
(532, 'all_categories', NULL, NULL),
(533, 'all_sub_category', NULL, NULL),
(534, 'number_of_results', NULL, NULL),
(535, 'showing_on_this_page', NULL, NULL),
(536, 'welcome', NULL, NULL),
(537, 'my_account', NULL, NULL),
(538, 'logout', NULL, NULL),
(539, 'visit_website', NULL, NULL),
(540, 'navigation', NULL, NULL),
(541, 'add_new_category', NULL, NULL),
(542, 'enrolment', NULL, NULL),
(543, 'enrol_history', NULL, NULL),
(544, 'enrol_a_student', NULL, NULL),
(545, 'language_settings', NULL, NULL),
(546, 'congratulations', NULL, NULL),
(547, 'oh_snap', NULL, NULL),
(548, 'close', NULL, NULL),
(549, 'parent', NULL, NULL),
(550, 'none', NULL, NULL),
(551, 'category_thumbnail', NULL, NULL),
(552, 'the_image_size_should_be', NULL, NULL),
(553, 'choose_thumbnail', NULL, NULL),
(554, 'data_added_successfully', NULL, NULL),
(555, '', NULL, NULL),
(556, 'update_category_form', NULL, NULL),
(557, 'student_list', NULL, NULL),
(558, 'choose_user_image', NULL, NULL),
(559, 'finish', NULL, NULL),
(560, 'thank_you', NULL, NULL),
(561, 'you_are_almost_there', NULL, NULL),
(562, 'you_are_just_one_click_away', NULL, NULL),
(563, 'country', NULL, NULL),
(564, 'website_settings', NULL, NULL),
(565, 'write_down_facebook_url', NULL, NULL),
(566, 'write_down_twitter_url', NULL, NULL),
(567, 'write_down_linkedin_url', NULL, NULL),
(568, 'google_link', NULL, NULL),
(569, 'write_down_google_url', NULL, NULL),
(570, 'instagram_link', NULL, NULL),
(571, 'write_down_instagram_url', NULL, NULL),
(572, 'pinterest_link', NULL, NULL),
(573, 'write_down_pinterest_url', NULL, NULL),
(574, 'update_settings', NULL, NULL),
(575, 'upload_banner_image', NULL, NULL),
(576, 'update_light_logo', NULL, NULL),
(577, 'upload_light_logo', NULL, NULL),
(578, 'update_dark_logo', NULL, NULL),
(579, 'upload_dark_logo', NULL, NULL),
(580, 'update_small_logo', NULL, NULL),
(581, 'upload_small_logo', NULL, NULL),
(582, 'upload_favicon', NULL, NULL),
(583, 'logo_updated', NULL, NULL),
(584, 'favicon_updated', NULL, NULL),
(585, 'banner_image_update', NULL, NULL),
(586, 'frontend_settings_updated', NULL, NULL),
(587, 'setup_payment_informations', NULL, NULL),
(588, 'update_system_currency', NULL, NULL),
(589, 'setup_paypal_settings', NULL, NULL),
(590, 'update_paypal_keys', NULL, NULL),
(591, 'setup_stripe_settings', NULL, NULL),
(592, 'test_mode', NULL, NULL),
(593, 'update_stripe_keys', NULL, NULL);

-- --------------------------------------------------------

--
-- Table structure for table `lesson`
--

CREATE TABLE `lesson` (
  `id` int UNSIGNED NOT NULL,
  `title` varchar(255) CHARACTER SET utf8 COLLATE utf8_unicode_ci DEFAULT NULL,
  `duration` varchar(255) CHARACTER SET utf8 COLLATE utf8_unicode_ci DEFAULT NULL,
  `course_id` int DEFAULT NULL,
  `section_id` int DEFAULT NULL,
  `video_type` varchar(255) CHARACTER SET utf8 COLLATE utf8_unicode_ci DEFAULT NULL,
  `video_url` varchar(255) CHARACTER SET utf8 COLLATE utf8_unicode_ci DEFAULT NULL,
  `date_added` int DEFAULT NULL,
  `last_modified` int DEFAULT NULL,
  `lesson_type` varchar(255) CHARACTER SET utf8 COLLATE utf8_unicode_ci DEFAULT NULL,
  `attachment` longtext CHARACTER SET utf8 COLLATE utf8_unicode_ci,
  `attachment_type` varchar(255) CHARACTER SET utf8 COLLATE utf8_unicode_ci DEFAULT NULL,
  `summary` longtext CHARACTER SET utf8 COLLATE utf8_unicode_ci,
  `order` int NOT NULL DEFAULT '0',
  `video_type_for_mobile_application` varchar(255) CHARACTER SET utf8 COLLATE utf8_unicode_ci DEFAULT NULL,
  `video_url_for_mobile_application` varchar(255) CHARACTER SET utf8 COLLATE utf8_unicode_ci DEFAULT NULL,
  `duration_for_mobile_application` varchar(255) CHARACTER SET utf8 COLLATE utf8_unicode_ci DEFAULT NULL
) ENGINE=InnoDB DEFAULT CHARSET=utf8 COLLATE=utf8_unicode_ci;

--
-- Dumping data for table `lesson`
--

INSERT INTO `lesson` (`id`, `title`, `duration`, `course_id`, `section_id`, `video_type`, `video_url`, `date_added`, `last_modified`, `lesson_type`, `attachment`, `attachment_type`, `summary`, `order`, `video_type_for_mobile_application`, `video_url_for_mobile_application`, `duration_for_mobile_application`) VALUES
(1, 'Introduction to chemistry', '07:00:00', 1, 1, NULL, 'https://youtu.be/Rd4a1X3B61w?list=PL166048DD75B05C0D', 1595376000, NULL, 'video', NULL, 'url', 'Introduction to chemistry.A big picture view of chemistry and why it is fascinating. How chemistry relates to math and other sciences. ', 0, 'html5', 'https://youtu.be/Rd4a1X3B61w?list=PL166048DD75B05C0D', '07:00:00'),
(2, 'Atom, smallest unit', NULL, 1, 2, NULL, NULL, 1595376000, NULL, 'other', 'f64aaf957d5bc976057ff5f4d0e4c075.png', 'img', 'Atom, smallest unit into which matter can be divided without the release of electrically charged particles. It also is the smallest unit of matter that has the characteristic properties of a chemical element. As such, the atom is the basic building block of chemistry.', 0, NULL, NULL, NULL),
(3, 'Atom assignment', '00:00:00', 1, 3, NULL, NULL, 1595376000, 1595376000, 'quiz', NULL, NULL, 'Assignment—Atoms, Molecules, and Ions', 0, NULL, NULL, NULL),
(11, 'Upload your assignment', '00:00:00', 14, 5, NULL, NULL, 1596060000, NULL, 'upload', NULL, NULL, 'Please upload excel or pdf file', 0, NULL, NULL, NULL),
(12, 'Test', '00:00:00', 1, 2, NULL, NULL, 1596585600, NULL, 'quiz', NULL, NULL, 'Testing', 0, NULL, NULL, NULL),
(13, 'Sales', '00:00:00', 1, 1, NULL, NULL, 1597104000, NULL, 'upload', NULL, NULL, 'Test', 0, NULL, NULL, NULL),
(14, 'Tes', '00:00:00', 14, 5, NULL, NULL, 1597104000, NULL, 'quiz', NULL, NULL, 'test', 0, NULL, NULL, NULL);

-- --------------------------------------------------------

--
-- Table structure for table `log`
--

CREATE TABLE `log` (
  `id` int NOT NULL,
  `from` varchar(255) CHARACTER SET utf8 COLLATE utf8_unicode_ci NOT NULL
) ENGINE=MyISAM DEFAULT CHARSET=utf8 COLLATE=utf8_unicode_ci;

-- --------------------------------------------------------

--
-- Table structure for table `master_college`
--

CREATE TABLE `master_college` (
  `id` int NOT NULL,
  `name` varchar(30) NOT NULL,
  `created_time` timestamp NOT NULL DEFAULT CURRENT_TIMESTAMP
) ENGINE=InnoDB DEFAULT CHARSET=latin1;

--
-- Dumping data for table `master_college`
--

INSERT INTO `master_college` (`id`, `name`, `created_time`) VALUES
(1, 'HL College Of Management', '2020-08-15 21:54:04'),
(2, 'Gandhinagar Institute of Techn', '2020-08-15 22:04:07');

-- --------------------------------------------------------

--
-- Table structure for table `master_course`
--

CREATE TABLE `master_course` (
  `id` int NOT NULL,
  `name` varchar(30) NOT NULL,
  `created_time` timestamp NOT NULL DEFAULT CURRENT_TIMESTAMP
) ENGINE=InnoDB DEFAULT CHARSET=latin1;

--
-- Dumping data for table `master_course`
--

INSERT INTO `master_course` (`id`, `name`, `created_time`) VALUES
(1, 'HL College of Management', '2020-08-15 14:19:35'),
(2, 'Chemistry', '2020-08-15 14:19:35');

-- --------------------------------------------------------

--
-- Table structure for table `master_semester`
--

CREATE TABLE `master_semester` (
  `id` int NOT NULL,
  `name` varchar(30) NOT NULL,
  `created_time` timestamp NOT NULL DEFAULT CURRENT_TIMESTAMP
) ENGINE=InnoDB DEFAULT CHARSET=latin1;

--
-- Dumping data for table `master_semester`
--

INSERT INTO `master_semester` (`id`, `name`, `created_time`) VALUES
(1, '1', '2020-08-15 22:33:29');

-- --------------------------------------------------------

--
-- Table structure for table `message`
--

CREATE TABLE `message` (
  `message_id` int NOT NULL,
  `message_thread_code` longtext,
  `message` longtext,
  `sender` longtext,
  `timestamp` longtext,
  `read_status` int DEFAULT NULL
) ENGINE=MyISAM DEFAULT CHARSET=latin1;

--
-- Dumping data for table `message`
--

INSERT INTO `message` (`message_id`, `message_thread_code`, `message`, `sender`, `timestamp`, `read_status`) VALUES
(1, '690be50bf80f78d', 'Hello Sir,\r\n\r\nHow are you?\r\n', '2', '1595485780', NULL),
(2, '819a2bc307c921a', 'hi', '21', '1597131210', NULL),
(3, '30a4dc6605082f7', '11111111111', '12', '1597590313', NULL),
(4, '30a4dc6605082f7', 'sdfsdf', '12', '1597590328', NULL);

-- --------------------------------------------------------

--
-- Table structure for table `message_thread`
--

CREATE TABLE `message_thread` (
  `message_thread_id` int NOT NULL,
  `message_thread_code` longtext CHARACTER SET utf8 COLLATE utf8_unicode_ci,
  `sender` varchar(255) CHARACTER SET utf8 COLLATE utf8_unicode_ci DEFAULT '',
  `receiver` varchar(255) CHARACTER SET utf8 COLLATE utf8_unicode_ci DEFAULT '',
  `last_message_timestamp` longtext CHARACTER SET utf8 COLLATE utf8_unicode_ci
) ENGINE=InnoDB DEFAULT CHARSET=utf8 COLLATE=utf8_unicode_ci;

--
-- Dumping data for table `message_thread`
--

INSERT INTO `message_thread` (`message_thread_id`, `message_thread_code`, `sender`, `receiver`, `last_message_timestamp`) VALUES
(1, '690be50bf80f78d', '2', '3', NULL),
(2, '819a2bc307c921a', '21', '3', NULL),
(3, '30a4dc6605082f7', '12', '3', NULL);

-- --------------------------------------------------------

--
-- Table structure for table `payment`
--

CREATE TABLE `payment` (
  `id` int UNSIGNED NOT NULL,
  `user_id` int DEFAULT NULL,
  `payment_type` varchar(50) CHARACTER SET utf8 COLLATE utf8_unicode_ci DEFAULT NULL,
  `course_id` int DEFAULT NULL,
  `amount` double DEFAULT NULL,
  `date_added` int DEFAULT NULL,
  `last_modified` int DEFAULT NULL,
  `admin_revenue` varchar(255) CHARACTER SET utf8 COLLATE utf8_unicode_ci DEFAULT NULL,
  `instructor_revenue` varchar(255) CHARACTER SET utf8 COLLATE utf8_unicode_ci DEFAULT NULL,
  `instructor_payment_status` int DEFAULT '0'
) ENGINE=InnoDB DEFAULT CHARSET=utf8 COLLATE=utf8_unicode_ci;

-- --------------------------------------------------------

--
-- Table structure for table `payout`
--

CREATE TABLE `payout` (
  `id` int UNSIGNED NOT NULL,
  `user_id` int DEFAULT NULL,
  `payment_type` varchar(50) CHARACTER SET utf8 COLLATE utf8_unicode_ci DEFAULT NULL,
  `amount` double DEFAULT NULL,
  `date_added` int DEFAULT NULL,
  `last_modified` int DEFAULT NULL,
  `status` int NOT NULL DEFAULT '0'
) ENGINE=InnoDB DEFAULT CHARSET=utf8 COLLATE=utf8_unicode_ci;

-- --------------------------------------------------------

--
-- Table structure for table `question`
--

CREATE TABLE `question` (
  `id` int UNSIGNED NOT NULL,
  `quiz_id` int DEFAULT NULL,
  `title` longtext CHARACTER SET utf8 COLLATE utf8_unicode_ci,
  `type` varchar(255) CHARACTER SET utf8 COLLATE utf8_unicode_ci DEFAULT NULL,
  `number_of_options` int DEFAULT NULL,
  `options` longtext CHARACTER SET utf8 COLLATE utf8_unicode_ci,
  `correct_answers` longtext CHARACTER SET utf8 COLLATE utf8_unicode_ci,
  `order` int NOT NULL DEFAULT '0'
) ENGINE=InnoDB DEFAULT CHARSET=utf8 COLLATE=utf8_unicode_ci;

--
-- Dumping data for table `question`
--

INSERT INTO `question` (`id`, `quiz_id`, `title`, `type`, `number_of_options`, `options`, `correct_answers`, `order`) VALUES
(1, 3, 'A sample of chemical X is found to contain 5.0 grams of oxygen, 10.0 grams of carbon, and 20.0 grams of nitrogen. The law of definite proportion would predict that a 70 gram sample of chemical X should contain how many grams of carbon?', 'multiple_choice', 0, 'null', '[\"\"]', 1),
(2, 3, 'Which of the following pairs of compounds can be used to illustrate the law of multiple proportions?', 'multiple_choice', 4, '[\"NH4 and NH4Cl\",\"ZnO2 and ZnCl2\",\"H2O and HCl\",\"NO and NO2\"]', '[\"4\"]', 0);

-- --------------------------------------------------------

--
-- Table structure for table `rating`
--

CREATE TABLE `rating` (
  `id` int UNSIGNED NOT NULL,
  `rating` double DEFAULT NULL,
  `user_id` int DEFAULT NULL,
  `ratable_id` int DEFAULT NULL,
  `ratable_type` varchar(50) CHARACTER SET utf8 COLLATE utf8_unicode_ci DEFAULT NULL,
  `date_added` int DEFAULT NULL,
  `last_modified` int DEFAULT NULL,
  `review` longtext CHARACTER SET utf8 COLLATE utf8_unicode_ci
) ENGINE=InnoDB DEFAULT CHARSET=utf8 COLLATE=utf8_unicode_ci;

--
-- Dumping data for table `rating`
--

INSERT INTO `rating` (`id`, `rating`, `user_id`, `ratable_id`, `ratable_type`, `date_added`, `last_modified`, `review`) VALUES
(1, 4, 2, 14, 'course', 1596067200, NULL, 'This is good project with learning, got a good support from instructor and mentor');

-- --------------------------------------------------------

--
-- Table structure for table `requested_projects`
--

CREATE TABLE `requested_projects` (
  `id` int NOT NULL,
  `course_id` int NOT NULL,
  `email` varchar(255) CHARACTER SET utf8mb4 COLLATE utf8mb4_unicode_ci NOT NULL,
  `requested_user_id` int NOT NULL,
  `status` varchar(50) CHARACTER SET utf8mb4 COLLATE utf8mb4_unicode_ci NOT NULL,
  `added_date` int NOT NULL
) ENGINE=InnoDB DEFAULT CHARSET=utf8mb4 COLLATE=utf8mb4_unicode_ci;

--
-- Dumping data for table `requested_projects`
--

INSERT INTO `requested_projects` (`id`, `course_id`, `email`, `requested_user_id`, `status`, `added_date`) VALUES
(4, 13, 'student7@gmail.com', 22, 'approved', 1597259878);

-- --------------------------------------------------------

--
-- Table structure for table `role`
--

CREATE TABLE `role` (
  `id` int UNSIGNED NOT NULL,
  `name` varchar(255) CHARACTER SET utf8 COLLATE utf8_unicode_ci DEFAULT NULL,
  `date_added` int DEFAULT NULL,
  `last_modified` int DEFAULT NULL
) ENGINE=InnoDB DEFAULT CHARSET=utf8 COLLATE=utf8_unicode_ci;

--
-- Dumping data for table `role`
--

INSERT INTO `role` (`id`, `name`, `date_added`, `last_modified`) VALUES
(1, 'Admin', 1234567890, 1234567890),
(2, 'User', 1234567890, 1234567890);

-- --------------------------------------------------------

--
-- Table structure for table `section`
--

CREATE TABLE `section` (
  `id` int NOT NULL,
  `title` varchar(255) CHARACTER SET utf8 COLLATE utf8_unicode_ci DEFAULT NULL,
  `course_id` int DEFAULT NULL,
  `order` int NOT NULL DEFAULT '0'
) ENGINE=InnoDB DEFAULT CHARSET=utf8 COLLATE=utf8_unicode_ci;

--
-- Dumping data for table `section`
--

INSERT INTO `section` (`id`, `title`, `course_id`, `order`) VALUES
(1, 'Introduction', 1, 0),
(2, 'Atoms, Molecules and Ions', 1, 0),
(3, 'Assignment', 1, 0),
(4, 'Sample Assignment', 3, 0),
(5, 'Section 1', 14, 0);

-- --------------------------------------------------------

--
-- Table structure for table `settings`
--

CREATE TABLE `settings` (
  `id` int UNSIGNED NOT NULL,
  `key` varchar(255) CHARACTER SET utf8 COLLATE utf8_unicode_ci DEFAULT NULL,
  `value` longtext CHARACTER SET utf8 COLLATE utf8_unicode_ci
) ENGINE=InnoDB DEFAULT CHARSET=utf8 COLLATE=utf8_unicode_ci;

--
-- Dumping data for table `settings`
--

INSERT INTO `settings` (`id`, `key`, `value`) VALUES
(1, 'language', 'english'),
(2, 'system_name', 'LMS'),
(3, 'system_title', 'Academy Learning Club'),
(4, 'system_email', 'academy@example.com'),
(5, 'address', 'Sydeny, Australia'),
(6, 'phone', '+143-52-9933631'),
(7, 'purchase_code', '13bd2864-6082-406a-9049-be01bda7d4d3'),
(8, 'paypal', '[{\"active\":\"1\",\"mode\":\"sandbox\",\"sandbox_client_id\":\"1234\",\"sandbox_secret_key\":\"1234\",\"production_client_id\":\"1234\",\"production_secret_key\":\"1234\"}]'),
(9, 'stripe_keys', '[{\"active\":\"1\",\"testmode\":\"on\",\"public_key\":\"1234\",\"secret_key\":\"1234\",\"public_live_key\":\"pk_live_xxxxxxxxxxxxxxxxxxxxxxxx\",\"secret_live_key\":\"sk_live_xxxxxxxxxxxxxxxxxxxxxxxx\"}]'),
(10, 'youtube_api_key', 'youtube-api-key'),
(11, 'vimeo_api_key', 'vimeo-api-key'),
(12, 'slogan', 'A course based video CMS'),
(13, 'text_align', NULL),
(14, 'allow_instructor', '1'),
(15, 'instructor_revenue', '70'),
(16, 'system_currency', 'USD'),
(17, 'paypal_currency', 'USD'),
(18, 'stripe_currency', 'AUD'),
(19, 'author', 'Creativeitem'),
(20, 'currency_position', 'left'),
(21, 'website_description', 'Nice application'),
(22, 'website_keywords', 'LMS,Learning Management System,Creativeitem,demo,hello,How are you'),
(23, 'footer_text', ''),
(24, 'footer_link', 'http://creativeitem.com/'),
(25, 'protocol', 'SMTP'),
(26, 'smtp_host', 'smtp-relay.sendinblue.com'),
(27, 'smtp_port', '587'),
(28, 'smtp_user', 'sapnagupta9406@gmail.com'),
(29, 'smtp_pass', '0EZ8jOyfd21NBFUk'),
(30, 'version', '4.0.1'),
(31, 'student_email_verification', 'enable'),
(32, 'instructor_application_note', 'Fill all the fields carefully and share if you want to share any document with us it will help us to evaluate you as an instructor.'),
(33, 'sponsor_name', 'Qollab'),
(34, 'sponsor_logo', '');

-- --------------------------------------------------------

--
-- Table structure for table `student_course`
--

CREATE TABLE `student_course` (
  `id` int UNSIGNED NOT NULL,
  `title` varchar(255) CHARACTER SET utf8 COLLATE utf8_unicode_ci DEFAULT NULL,
  `short_description` longtext CHARACTER SET utf8 COLLATE utf8_unicode_ci,
  `description` longtext CHARACTER SET utf8 COLLATE utf8_unicode_ci,
  `semester` varchar(255) DEFAULT NULL,
  `course` varchar(255) DEFAULT NULL,
  `subject` varchar(255) DEFAULT NULL,
  `document` varchar(255) DEFAULT NULL,
  `outcomes` longtext CHARACTER SET utf8 COLLATE utf8_unicode_ci,
  `language` varchar(255) CHARACTER SET utf8 COLLATE utf8_unicode_ci DEFAULT NULL,
  `category_id` int DEFAULT NULL,
  `sub_category_id` int DEFAULT NULL,
  `requirements` longtext CHARACTER SET utf8 COLLATE utf8_unicode_ci,
  `user_id` int DEFAULT NULL,
  `date_added` int DEFAULT NULL,
  `last_modified` int DEFAULT NULL,
  `visibility` int DEFAULT NULL,
  `status` varchar(255) CHARACTER SET utf8 COLLATE utf8_unicode_ci DEFAULT NULL
) ENGINE=InnoDB DEFAULT CHARSET=latin1;

--
-- Dumping data for table `student_course`
--

INSERT INTO `student_course` (`id`, `title`, `short_description`, `description`, `semester`, `course`, `subject`, `document`, `outcomes`, `language`, `category_id`, `sub_category_id`, `requirements`, `user_id`, `date_added`, `last_modified`, `visibility`, `status`) VALUES
(1, 'sapna', ' hjhjb', '<p>jh bkjjn;kl</p>', NULL, NULL, NULL, NULL, '[\"sdasd\"]', 'english', 1, 4, '[\"asdasd\"]', 11, 1596319200, 1596319200, NULL, 'active'),
(2, 'ih hb', ' hjhjb', '<p>jh bkjjn;kl</p>', NULL, NULL, NULL, NULL, '[\"sdasd\"]', 'english', 1, 4, '[\"asdasd\"]', 11, 1596319200, NULL, NULL, 'pending'),
(3, 'LAMINATE SPECIFICATIONS', '', '', NULL, NULL, NULL, NULL, '[]', 'english', 1, 4, '[\"mkm\"]', 12, 1596412800, NULL, NULL, 'pending'),
(4, 'Project 01', '', '', NULL, NULL, NULL, NULL, '[\"abc\"]', 'english', 1, 4, '[\"abc\",\"def\"]', 12, 1596412800, NULL, NULL, 'pending'),
(5, 'Student 1 created project', '#', '<p>#</p>\r\n', '8', 'Computer Engineering', 'PhP', NULL, '[\"Final Outcome\"]', 'english', 1, 4, '[\"Requirement 1\"]', 2, 1596499200, 1596931200, NULL, 'active'),
(6, 'My First Project Request', 'Please Short description', 'Description DescriptionDescriptionDescription  Description Description', NULL, NULL, NULL, NULL, '[\"This is the first out come\"]', 'english', 1, 4, '[\"First Requirement\",\"Second Requirement\"]', 2, 1596585600, NULL, NULL, 'pending'),
(7, 'LAMINATE SPECIFICATIONS', 'adsad', '', NULL, NULL, NULL, NULL, '[\"abcd\"]', 'english', 1, 4, '[\"abc\",\"bcd\"]', 12, 1596672000, NULL, NULL, 'active'),
(8, 'My First Project', 'My First Project Shortdescription', '<p>My First Project long description</p>\r\n', '4', 'BE', 'PHP', 'Penguins.jpg', '[\"first outcome\"]', 'english', 1, 4, '[\"My first requirement\"]', 17, 1596931200, NULL, NULL, 'pending'),
(9, 'Second Project', 'Second Project', '', '', '', '', '0', '[]', 'english', 2, 6, '[]', 17, 1596931200, NULL, NULL, 'pending'),
(10, 'My Third Project', 'My Third Project', '<p><strong>My Third Project</strong></p>\r\n', '', '', '', '0', '[]', 'english', 2, 6, '[]', 17, 1596931200, NULL, NULL, 'pending'),
(11, 'Fourth Project', 'Fourth Project', '', '', '', '', '0', '[]', 'english', 1, 4, '[]', 17, 1596931200, NULL, NULL, 'pending'),
(12, 'Fifth Project', 'Fifth Project', '', '', '', '', '0', '[\"oc11\"]', 'english', 1, 4, '[\"rr1\"]', 17, 1596931200, NULL, NULL, 'pending'),
(13, 'My Project by Student 6', 'ok', '', '', '', '', 'Lighthouse.jpg', '[]', NULL, 2, 6, '[]', 22, 1597190400, NULL, NULL, 'pending'),
(14, 'Human Experimentation Part 3: Informed Consent , The Cornerstone of Medical Ethics', '#', '<p>#</p>\r\n', '8', 'Computer Engineering', 'PhP Freelance Developer', '0', '[]', NULL, 1, 4, '[]', 2, 1597528800, NULL, NULL, 'pending');

-- --------------------------------------------------------

--
-- Table structure for table `student_enrol`
--

CREATE TABLE `student_enrol` (
  `id` int NOT NULL,
  `user_id` int NOT NULL,
  `course_id` int NOT NULL,
  `document` varchar(255) CHARACTER SET utf8mb4 COLLATE utf8mb4_unicode_ci DEFAULT NULL
) ENGINE=InnoDB DEFAULT CHARSET=utf8mb4 COLLATE=utf8mb4_unicode_ci;

--
-- Dumping data for table `student_enrol`
--

INSERT INTO `student_enrol` (`id`, `user_id`, `course_id`, `document`) VALUES
(6, 23, 13, NULL);

-- --------------------------------------------------------

--
-- Table structure for table `tag`
--

CREATE TABLE `tag` (
  `id` int UNSIGNED NOT NULL,
  `tag` varchar(255) CHARACTER SET utf8 COLLATE utf8_unicode_ci DEFAULT NULL,
  `tagable_id` int DEFAULT NULL,
  `tagable_type` varchar(255) CHARACTER SET utf8 COLLATE utf8_unicode_ci DEFAULT NULL,
  `date_added` int DEFAULT NULL,
  `last_modified` int DEFAULT NULL
) ENGINE=InnoDB DEFAULT CHARSET=utf8 COLLATE=utf8_unicode_ci;

-- --------------------------------------------------------

--
-- Table structure for table `users`
--

CREATE TABLE `users` (
  `id` int UNSIGNED NOT NULL,
  `first_name` varchar(255) CHARACTER SET utf8 COLLATE utf8_unicode_ci DEFAULT NULL,
  `last_name` varchar(255) CHARACTER SET utf8 COLLATE utf8_unicode_ci DEFAULT NULL,
  `college` varchar(100) CHARACTER SET utf8 COLLATE utf8_unicode_ci DEFAULT NULL,
  `course` varchar(20) CHARACTER SET utf8 COLLATE utf8_unicode_ci NOT NULL,
  `semester` varchar(4) CHARACTER SET utf8 COLLATE utf8_unicode_ci NOT NULL,
  `email` varchar(50) CHARACTER SET utf8 COLLATE utf8_unicode_ci DEFAULT NULL,
  `password` varchar(255) CHARACTER SET utf8 COLLATE utf8_unicode_ci DEFAULT NULL,
  `social_links` longtext CHARACTER SET utf8 COLLATE utf8_unicode_ci,
  `biography` longtext CHARACTER SET utf8 COLLATE utf8_unicode_ci,
  `role_id` int DEFAULT NULL,
  `date_added` int DEFAULT NULL,
  `last_modified` int DEFAULT NULL,
  `watch_history` longtext CHARACTER SET utf8 COLLATE utf8_unicode_ci,
  `wishlist` longtext CHARACTER SET utf8 COLLATE utf8_unicode_ci,
  `title` longtext CHARACTER SET utf8 COLLATE utf8_unicode_ci,
  `paypal_keys` longtext CHARACTER SET utf8 COLLATE utf8_unicode_ci,
  `stripe_keys` longtext CHARACTER SET utf8 COLLATE utf8_unicode_ci,
  `verification_code` longtext CHARACTER SET utf8 COLLATE utf8_unicode_ci,
  `status` int DEFAULT NULL,
  `is_instructor` int DEFAULT '0',
  `is_mentor` enum('0','1') CHARACTER SET utf8 COLLATE utf8_unicode_ci DEFAULT '0',
  `qualification` text CHARACTER SET utf8 COLLATE utf8_unicode_ci,
  `expertise_area` text CHARACTER SET utf8 COLLATE utf8_unicode_ci,
  `oauthid` varchar(255) CHARACTER SET utf8 COLLATE utf8_unicode_ci DEFAULT NULL,
  `oauth_provider` varchar(100) CHARACTER SET utf8 COLLATE utf8_unicode_ci DEFAULT NULL
) ENGINE=InnoDB DEFAULT CHARSET=utf8 COLLATE=utf8_unicode_ci;

--
-- Dumping data for table `users`
--

INSERT INTO `users` (`id`, `first_name`, `last_name`, `college`, `course`, `semester`, `email`, `password`, `social_links`, `biography`, `role_id`, `date_added`, `last_modified`, `watch_history`, `wishlist`, `title`, `paypal_keys`, `stripe_keys`, `verification_code`, `status`, `is_instructor`, `is_mentor`, `qualification`, `expertise_area`, `oauthid`, `oauth_provider`) VALUES
(1, 'Admin', 'LMS', '', '', '', 'admin@demo.com', 'c996b40ff98c66b5f6ba8f457668bad7b0a77651', '{\"facebook\":\"#\",\"twitter\":\"#\",\"linkedin\":\"#\"}', '<p>#</p>', 1, NULL, 1595334247, NULL, NULL, '##', '[{\"production_client_id\":null,\"production_secret_key\":null}]', '[{\"public_live_key\":null,\"secret_live_key\":null}]', NULL, 1, 0, '0', NULL, NULL, NULL, NULL),
(2, 'Student', '1', 'Gandhinagar Institute of Techn', 'Chemistry', '1', 'student@demo.com', 'a5f0ef3455b087789163a9a16846bf90fa3b74d3', '{\"facebook\":\"#\",\"twitter\":\"#\",\"linkedin\":\"#\"}', '<p>#</p>', 2, 1595340667, 1597538005, '[{\"lesson_id\":\"3\",\"progress\":\"1\"}]', '[\"3\"]', NULL, '[{\"production_client_id\":null,\"production_secret_key\":null}]', '[{\"public_live_key\":null,\"secret_live_key\":null}]', NULL, 1, 0, '0', NULL, NULL, NULL, NULL),
(3, 'Instructor', 'demo', '', '', '', 'instructor@demo.com', '85f734da42c0d78a1d22bdb484a46c777bfeeaaa', '{\"facebook\":\"#\",\"twitter\":\"#\",\"linkedin\":\"#\"}', '<p>#</p>', 2, 1595340760, 1596261055, '[]', '[]', NULL, '[{\"production_client_id\":null,\"production_secret_key\":null}]', '[{\"public_live_key\":null,\"secret_live_key\":null}]', NULL, 1, 1, '0', 'dsf,sdgerg,bfghrg,hrgadv,adtreadfv,ds', 'dfgd,bdg,ad,gar,g,vbdf,ds,gd,sapna', NULL, NULL),
(4, 'Instructor', '2', '', '', '', 'instructor2@demo.com', '85f734da42c0d78a1d22bdb484a46c777bfeeaaa', '{\"facebook\":\"#\",\"twitter\":\"#\",\"linkedin\":\"#\"}', '<p>Testing Instructor<br></p>', 2, 1595873878, NULL, '[]', '[]', NULL, '[{\"production_client_id\":\"#\",\"production_secret_key\":\"#\"}]', '[{\"public_live_key\":\"#\",\"secret_live_key\":\"#\"}]', NULL, 1, 1, '0', NULL, NULL, NULL, NULL),
(5, 'Student', '2', 'Alpha College', '', '', 'student2@demo.com', 'a5f0ef3455b087789163a9a16846bf90fa3b74d3', '{\"facebook\":\"#\",\"twitter\":\"#\",\"linkedin\":\"#\"}', '', 2, 1596038695, NULL, '[]', '[]', NULL, '[{\"production_client_id\":\"#\",\"production_secret_key\":\"#\"}]', '[{\"public_live_key\":\"#\",\"secret_live_key\":\"#\"}]', NULL, 1, 0, '0', NULL, NULL, NULL, NULL),
(6, 'Jeet', 'Sarphare', 'Gandhinagar Institue', '', '', 'jeetfunlover@gmail.com', '78925095c792f897d5d737d9f928cb05d5c673b3', '{\"facebook\":\"\",\"twitter\":\"\",\"linkedin\":\"\"}', NULL, 2, 1596791823, NULL, '[]', '[]', NULL, '[{\"production_client_id\":\"\"}]', '[{\"public_live_key\":\"\",\"secret_live_key\":\"\"}]', '7120df871bfd76a4b8119b7eeb7868d9', 1, 0, '0', NULL, NULL, '113207184508521159324', 'google'),
(9, 'Student3', 'Ok', NULL, '', '', 'student3@demo.com', '842c2c99d5a7095342757c9701c7e6be', '{\"facebook\":\"\",\"twitter\":\"\",\"linkedin\":\"\"}', '', 2, 1596217106, 1596259775, '[]', '[]', NULL, '[{\"production_client_id\":\"\",\"production_secret_key\":\"\"}]', '[{\"public_live_key\":\"\",\"secret_live_key\":\"\"}]', '654c376850c51562430ff7997883090e', 0, 0, '0', NULL, NULL, NULL, NULL),
(11, 'Student5', 'ok', NULL, '', '', 'student5@demo.com', '8cb2237d0679ca88db6464eac60da96345513964', '{\"facebook\":\"\",\"twitter\":\"\",\"linkedin\":\"\"}', '', 2, 1596259834, 1596259897, '[]', '[]', NULL, '[{\"production_client_id\":\"\",\"production_secret_key\":\"\"}]', '[{\"public_live_key\":\"\",\"secret_live_key\":\"\"}]', '044e0a69143ed1f62ff041b78f5b85ec', 1, 0, '0', NULL, NULL, NULL, NULL),
(12, 'akhil', 'trivedi', 'git', '', '', 'akhiltrivedifc@gmail.com', '8cb2237d0679ca88db6464eac60da96345513964', '{\"facebook\":\"\",\"twitter\":\"\",\"linkedin\":\"\"}', NULL, 2, 1596455656, NULL, '[]', '[]', NULL, '[{\"production_client_id\":\"\"}]', '[{\"public_live_key\":\"\",\"secret_live_key\":\"\"}]', '0117ab7b4094ac171633f668d00a2792', 1, 0, '0', NULL, NULL, NULL, NULL),
(13, 'Sapna1', 'Shah', 'KIT', '', '', 'sapnagupta940602@gmail.com', 'dc6d45e74ecf4391082a37a4d6973f708d3fa015', '{\"facebook\":\"\",\"twitter\":\"\",\"linkedin\":\"\"}', NULL, 2, 1596525140, NULL, '[]', '[]', NULL, '[{\"production_client_id\":\"\"}]', '[{\"public_live_key\":\"\",\"secret_live_key\":\"\"}]', '879acbc73e5f7659a68707ebaeeca468', 0, 0, '0', NULL, NULL, NULL, NULL),
(14, 'Byte', 'Digilabs', NULL, '', '', 'web.bytedigilabs@gmail.com', '8cb2237d0679ca88db6464eac60da96345513964', NULL, NULL, 2, 1597598724, NULL, NULL, '[]', NULL, NULL, NULL, NULL, 1, 0, '0', NULL, NULL, '108833464116969466298', 'google'),
(16, 'Geet', 'Sarphare', NULL, '', '', 'geetsarphare@gmail.com', NULL, NULL, NULL, 2, 1596791880, NULL, NULL, NULL, NULL, NULL, NULL, NULL, 1, 0, '0', NULL, NULL, '101838228537337255779', 'google'),
(17, 'sapna', 'gupta', NULL, '', '', 'sapnagupta94061@gmail.com', 'dc6d45e74ecf4391082a37a4d6973f708d3fa015', NULL, NULL, 2, 1597083893, NULL, NULL, '[]', NULL, NULL, NULL, NULL, 1, 0, '1', NULL, NULL, '110786655099451954122', 'google'),
(18, 'Print', 'Wrint', NULL, '', '', 'printwrintindia@gmail.com', '8cb2237d0679ca88db6464eac60da96345513964', NULL, NULL, 2, 1596811492, NULL, NULL, '[]', NULL, NULL, NULL, NULL, 1, 0, '0', NULL, NULL, '115388314763399075481', 'google'),
(19, 'Byte', 'Digilabs', NULL, '', '', 'bytedigilabs@gmail.com', '8cb2237d0679ca88db6464eac60da96345513964', NULL, NULL, 2, 1597598544, NULL, NULL, '[]', NULL, NULL, NULL, NULL, 1, 0, '0', NULL, NULL, '104602468421675877557', 'google'),
(20, 'John', 'Car', NULL, '', '', 'hifak15810@delowd.com', '7c4a8d09ca3762af61e59520943dc26494f8941b', '{\"facebook\":\"\",\"twitter\":\"\",\"linkedin\":\"\"}', NULL, 2, 1597046290, NULL, '[]', '[]', NULL, '[{\"production_client_id\":\"\"}]', '[{\"public_live_key\":\"\",\"secret_live_key\":\"\"}]', 'e69af74a9f0d299546f417bffcf20787', 1, 0, '1', 'Phd in computer sciene', 'computer,science,IT', NULL, NULL),
(21, 'Men', 'Tor', NULL, '', '', 'men@demo.com', '7c4a8d09ca3762af61e59520943dc26494f8941b', '{\"facebook\":\"\",\"twitter\":\"\",\"linkedin\":\"\"}', NULL, 2, 1597093452, NULL, '[]', '[]', NULL, '[{\"production_client_id\":\"\"}]', '[{\"public_live_key\":\"\",\"secret_live_key\":\"\"}]', 'ed592bc76581eccd5fe1da20f8910d80', 1, 0, '1', 'SSC', 'science', NULL, NULL),
(22, 'student', '6', 'KIT', '', '', 'student6@gmail.com', '204036a1ef6e7360e536300ea78c6aeb4a9333dd', '{\"facebook\":\"\",\"twitter\":\"\",\"linkedin\":\"\"}', NULL, 2, 1597258374, NULL, '[]', '[]', NULL, '[{\"production_client_id\":\"\"}]', '[{\"public_live_key\":\"\",\"secret_live_key\":\"\"}]', '7afa30721d7ffc13d5696c0f1e9a3baa', 1, 0, '0', NULL, NULL, NULL, NULL),
(23, 'student', '7', 'ok', '', '', 'student7@gmail.com', '204036a1ef6e7360e536300ea78c6aeb4a9333dd', '{\"facebook\":\"\",\"twitter\":\"\",\"linkedin\":\"\"}', NULL, 2, 1597258518, NULL, '[]', '[]', NULL, '[{\"production_client_id\":\"\"}]', '[{\"public_live_key\":\"\",\"secret_live_key\":\"\"}]', '65a31f0bd3a096d1f6404afed9b01ee0', 1, 0, '0', NULL, NULL, NULL, NULL),
(24, 'sapna', 'Shah', 'KIT', '', '', 'sapnagupta9406@gmail.com', 'dc6d45e74ecf4391082a37a4d6973f708d3fa015', '{\"facebook\":\"\",\"twitter\":\"\",\"linkedin\":\"\"}', NULL, 2, 1597423065, NULL, '[{\"lesson_id\":\"1\",\"progress\":\"1\"},{\"lesson_id\":\"13\",\"progress\":\"1\"},{\"lesson_id\":\"12\",\"progress\":\"1\"},{\"lesson_id\":\"3\",\"progress\":\"1\"},{\"lesson_id\":\"2\",\"progress\":\"1\"}]', '[]', NULL, '[{\"production_client_id\":\"\"}]', '[{\"public_live_key\":\"\",\"secret_live_key\":\"\"}]', '0c7c9681287a2d7d67040e7b4d355fbc', 1, 0, '0', NULL, NULL, NULL, NULL),
(25, 'akhil', 'trivedi', 'HL College Of Management', '', '', 'akhiltrivedi@outlook.com', '8cb2237d0679ca88db6464eac60da96345513964', '{\"facebook\":\"\",\"twitter\":\"\",\"linkedin\":\"\"}', NULL, 2, 1597598488, NULL, '[]', '[]', NULL, '[{\"production_client_id\":\"\"}]', '[{\"public_live_key\":\"\",\"secret_live_key\":\"\"}]', 'f915005c8825af4655dfb63344e7e7bb', 1, 0, '0', NULL, NULL, NULL, NULL);

--
-- Indexes for dumped tables
--

--
-- Indexes for table `addons`
--
ALTER TABLE `addons`
  ADD PRIMARY KEY (`id`);

--
-- Indexes for table `add_instructor`
--
ALTER TABLE `add_instructor`
  ADD PRIMARY KEY (`id`);

--
-- Indexes for table `add_mentor`
--
ALTER TABLE `add_mentor`
  ADD PRIMARY KEY (`id`);

--
-- Indexes for table `applications`
--
ALTER TABLE `applications`
  ADD PRIMARY KEY (`id`);

--
-- Indexes for table `assignment`
--
ALTER TABLE `assignment`
  ADD PRIMARY KEY (`id`);

--
-- Indexes for table `category`
--
ALTER TABLE `category`
  ADD PRIMARY KEY (`id`);

--
-- Indexes for table `chat_group`
--
ALTER TABLE `chat_group`
  ADD PRIMARY KEY (`id`);

--
-- Indexes for table `comment`
--
ALTER TABLE `comment`
  ADD PRIMARY KEY (`id`);

--
-- Indexes for table `course`
--
ALTER TABLE `course`
  ADD PRIMARY KEY (`id`);

--
-- Indexes for table `currency`
--
ALTER TABLE `currency`
  ADD PRIMARY KEY (`id`);

--
-- Indexes for table `enrol`
--
ALTER TABLE `enrol`
  ADD PRIMARY KEY (`id`);

--
-- Indexes for table `frontend_settings`
--
ALTER TABLE `frontend_settings`
  ADD PRIMARY KEY (`id`);

--
-- Indexes for table `group_member`
--
ALTER TABLE `group_member`
  ADD PRIMARY KEY (`id`);

--
-- Indexes for table `language`
--
ALTER TABLE `language`
  ADD PRIMARY KEY (`phrase_id`);

--
-- Indexes for table `lesson`
--
ALTER TABLE `lesson`
  ADD PRIMARY KEY (`id`);

--
-- Indexes for table `master_college`
--
ALTER TABLE `master_college`
  ADD PRIMARY KEY (`id`);

--
-- Indexes for table `master_course`
--
ALTER TABLE `master_course`
  ADD PRIMARY KEY (`id`);

--
-- Indexes for table `master_semester`
--
ALTER TABLE `master_semester`
  ADD PRIMARY KEY (`id`);

--
-- Indexes for table `message`
--
ALTER TABLE `message`
  ADD PRIMARY KEY (`message_id`);

--
-- Indexes for table `message_thread`
--
ALTER TABLE `message_thread`
  ADD PRIMARY KEY (`message_thread_id`);

--
-- Indexes for table `payment`
--
ALTER TABLE `payment`
  ADD PRIMARY KEY (`id`);

--
-- Indexes for table `payout`
--
ALTER TABLE `payout`
  ADD PRIMARY KEY (`id`);

--
-- Indexes for table `question`
--
ALTER TABLE `question`
  ADD PRIMARY KEY (`id`);

--
-- Indexes for table `rating`
--
ALTER TABLE `rating`
  ADD PRIMARY KEY (`id`);

--
-- Indexes for table `requested_projects`
--
ALTER TABLE `requested_projects`
  ADD PRIMARY KEY (`id`);

--
-- Indexes for table `role`
--
ALTER TABLE `role`
  ADD PRIMARY KEY (`id`);

--
-- Indexes for table `section`
--
ALTER TABLE `section`
  ADD PRIMARY KEY (`id`);

--
-- Indexes for table `settings`
--
ALTER TABLE `settings`
  ADD PRIMARY KEY (`id`);

--
-- Indexes for table `student_course`
--
ALTER TABLE `student_course`
  ADD PRIMARY KEY (`id`);

--
-- Indexes for table `student_enrol`
--
ALTER TABLE `student_enrol`
  ADD PRIMARY KEY (`id`);

--
-- Indexes for table `tag`
--
ALTER TABLE `tag`
  ADD PRIMARY KEY (`id`);

--
-- Indexes for table `users`
--
ALTER TABLE `users`
  ADD PRIMARY KEY (`id`);

--
-- AUTO_INCREMENT for dumped tables
--

--
-- AUTO_INCREMENT for table `addons`
--
ALTER TABLE `addons`
  MODIFY `id` int NOT NULL AUTO_INCREMENT;

--
-- AUTO_INCREMENT for table `add_instructor`
--
ALTER TABLE `add_instructor`
  MODIFY `id` int NOT NULL AUTO_INCREMENT, AUTO_INCREMENT=20;

--
-- AUTO_INCREMENT for table `add_mentor`
--
ALTER TABLE `add_mentor`
  MODIFY `id` int NOT NULL AUTO_INCREMENT, AUTO_INCREMENT=2;

--
-- AUTO_INCREMENT for table `applications`
--
ALTER TABLE `applications`
  MODIFY `id` int UNSIGNED NOT NULL AUTO_INCREMENT;

--
-- AUTO_INCREMENT for table `assignment`
--
ALTER TABLE `assignment`
  MODIFY `id` int NOT NULL AUTO_INCREMENT, AUTO_INCREMENT=21;

--
-- AUTO_INCREMENT for table `category`
--
ALTER TABLE `category`
  MODIFY `id` int UNSIGNED NOT NULL AUTO_INCREMENT, AUTO_INCREMENT=7;

--
-- AUTO_INCREMENT for table `chat_group`
--
ALTER TABLE `chat_group`
  MODIFY `id` int NOT NULL AUTO_INCREMENT, AUTO_INCREMENT=2;

--
-- AUTO_INCREMENT for table `comment`
--
ALTER TABLE `comment`
  MODIFY `id` int UNSIGNED NOT NULL AUTO_INCREMENT;

--
-- AUTO_INCREMENT for table `course`
--
ALTER TABLE `course`
  MODIFY `id` int UNSIGNED NOT NULL AUTO_INCREMENT, AUTO_INCREMENT=18;

--
-- AUTO_INCREMENT for table `currency`
--
ALTER TABLE `currency`
  MODIFY `id` int NOT NULL AUTO_INCREMENT, AUTO_INCREMENT=113;

--
-- AUTO_INCREMENT for table `enrol`
--
ALTER TABLE `enrol`
  MODIFY `id` int UNSIGNED NOT NULL AUTO_INCREMENT, AUTO_INCREMENT=12;

--
-- AUTO_INCREMENT for table `frontend_settings`
--
ALTER TABLE `frontend_settings`
  MODIFY `id` int UNSIGNED NOT NULL AUTO_INCREMENT, AUTO_INCREMENT=17;

--
-- AUTO_INCREMENT for table `group_member`
--
ALTER TABLE `group_member`
  MODIFY `id` int NOT NULL AUTO_INCREMENT, AUTO_INCREMENT=5;

--
-- AUTO_INCREMENT for table `language`
--
ALTER TABLE `language`
  MODIFY `phrase_id` int NOT NULL AUTO_INCREMENT, AUTO_INCREMENT=594;

--
-- AUTO_INCREMENT for table `lesson`
--
ALTER TABLE `lesson`
  MODIFY `id` int UNSIGNED NOT NULL AUTO_INCREMENT, AUTO_INCREMENT=15;

--
-- AUTO_INCREMENT for table `master_college`
--
ALTER TABLE `master_college`
  MODIFY `id` int NOT NULL AUTO_INCREMENT, AUTO_INCREMENT=4;

--
-- AUTO_INCREMENT for table `master_course`
--
ALTER TABLE `master_course`
  MODIFY `id` int NOT NULL AUTO_INCREMENT, AUTO_INCREMENT=6;

--
-- AUTO_INCREMENT for table `master_semester`
--
ALTER TABLE `master_semester`
  MODIFY `id` int NOT NULL AUTO_INCREMENT, AUTO_INCREMENT=3;

--
-- AUTO_INCREMENT for table `message`
--
ALTER TABLE `message`
  MODIFY `message_id` int NOT NULL AUTO_INCREMENT, AUTO_INCREMENT=5;

--
-- AUTO_INCREMENT for table `message_thread`
--
ALTER TABLE `message_thread`
  MODIFY `message_thread_id` int NOT NULL AUTO_INCREMENT, AUTO_INCREMENT=4;

--
-- AUTO_INCREMENT for table `payment`
--
ALTER TABLE `payment`
  MODIFY `id` int UNSIGNED NOT NULL AUTO_INCREMENT;

--
-- AUTO_INCREMENT for table `payout`
--
ALTER TABLE `payout`
  MODIFY `id` int UNSIGNED NOT NULL AUTO_INCREMENT;

--
-- AUTO_INCREMENT for table `question`
--
ALTER TABLE `question`
  MODIFY `id` int UNSIGNED NOT NULL AUTO_INCREMENT, AUTO_INCREMENT=3;

--
-- AUTO_INCREMENT for table `rating`
--
ALTER TABLE `rating`
  MODIFY `id` int UNSIGNED NOT NULL AUTO_INCREMENT, AUTO_INCREMENT=2;

--
-- AUTO_INCREMENT for table `requested_projects`
--
ALTER TABLE `requested_projects`
  MODIFY `id` int NOT NULL AUTO_INCREMENT, AUTO_INCREMENT=5;

--
-- AUTO_INCREMENT for table `role`
--
ALTER TABLE `role`
  MODIFY `id` int UNSIGNED NOT NULL AUTO_INCREMENT, AUTO_INCREMENT=3;

--
-- AUTO_INCREMENT for table `section`
--
ALTER TABLE `section`
  MODIFY `id` int NOT NULL AUTO_INCREMENT, AUTO_INCREMENT=6;

--
-- AUTO_INCREMENT for table `settings`
--
ALTER TABLE `settings`
  MODIFY `id` int UNSIGNED NOT NULL AUTO_INCREMENT, AUTO_INCREMENT=35;

--
-- AUTO_INCREMENT for table `student_course`
--
ALTER TABLE `student_course`
  MODIFY `id` int UNSIGNED NOT NULL AUTO_INCREMENT, AUTO_INCREMENT=15;

--
-- AUTO_INCREMENT for table `student_enrol`
--
ALTER TABLE `student_enrol`
  MODIFY `id` int NOT NULL AUTO_INCREMENT, AUTO_INCREMENT=7;

--
-- AUTO_INCREMENT for table `tag`
--
ALTER TABLE `tag`
  MODIFY `id` int UNSIGNED NOT NULL AUTO_INCREMENT;

--
-- AUTO_INCREMENT for table `users`
--
ALTER TABLE `users`
  MODIFY `id` int UNSIGNED NOT NULL AUTO_INCREMENT, AUTO_INCREMENT=26;
COMMIT;

/*!40101 SET CHARACTER_SET_CLIENT=@OLD_CHARACTER_SET_CLIENT */;
/*!40101 SET CHARACTER_SET_RESULTS=@OLD_CHARACTER_SET_RESULTS */;
/*!40101 SET COLLATION_CONNECTION=@OLD_COLLATION_CONNECTION */;
